fold,season,week,game,selected_side,forecast_mean,forecast_sd,market_margin,actual_margin,edge,signal,cover_margin,result
1,2022,14,Auburn @ Alabama,Alabama,-19.563644618055555,2.522360443006277,-22.0,-22.0,2.436355381944445,0.965902945671267,0.0,P
1,2022,14,East Carolina @ Temple,East Carolina,-10.937816666666667,1.2277129054545668,-9.5,-3.0,-1.4378166666666665,1.1711342776300846,-6.5,L
1,2022,15,Toledo @ Ohio,Toledo,-0.1902693339646465,3.3279963768220826,3.0,10.0,-3.1902693339646464,0.9586156271633468,-7.0,L
1,2022,19,Ohio St. @ Georgia,Georgia,-4.2516625,1.5740264503423425,-6.5,-1.0,2.2483375,1.428398804550583,5.5,W
1,2022,19,Utah @ Penn St.,Utah,-0.7570916666666667,1.2308269487221253,2.0,-14.0,-2.7570916666666667,2.240031930994968,16.0,W
1,2022,19,Eastern Mich. @ San Jose St.,Eastern Mich.,2.710045833333333,1.530281915300925,4.0,-14.0,-1.289954166666667,0.8429519775204307,18.0,W
1,2022,19,Troy St. @ Texas-San Antonio,Troy St.,1.3736000000000002,1.0637792577688565,2.5,-6.0,-1.1263999999999998,1.0588662937106732,8.5,W
1,2023,2,California @ North Texas,North Texas,-2.3739097222222223,2.302369719108513,-6.0,-37.0,3.6260902777777777,1.5749383114636406,-31.0,L
1,2023,2,Nebraska @ Minnesota,Nebraska,-11.52860763888889,3.1765249868622063,-6.5,-3.0,-5.028607638888889,1.583053072047824,-3.5,L
1,2023,3,Nebraska @ Colorado,Colorado,4.595608024691357,4.569406496699721,-2.5,-22.0,7.095608024691357,1.5528511262493714,-19.5,L
1,2023,4,Massachusetts @ Eastern Mich.,Massachusetts,-13.361555555555555,4.770862788961041,-7.0,-2.0,-6.3615555555555545,1.3334182593293407,-5.0,L
1,2023,4,Oklahoma @ Tulsa,Tulsa,-24.008524691358023,4.2769984063382305,-28.5,-49.0,4.491475308641977,1.0501465939257555,-20.5,L
2,2023,5,Duke @ Connecticut,Duke,-25.318708796296296,2.986812142136758,-22.0,-34.0,-3.3187087962962956,1.1111206993828877,12.0,W
2,2023,5,NC St. @ Virginia,NC St.,-10.8186705026455,2.108582583542794,-7.5,-3.0,-3.3186705026454995,1.5738868985010503,-4.5,L
2,2023,6,Cincinnati @ BYU,Cincinnati,-1.4429095899470898,2.929511496578121,1.0,-8.0,-2.4429095899470896,0.8338965704011002,9.0,W
2,2023,6,Utah @ Oregon St.,Oregon St.,0.8438964285714284,2.171666757522068,-4.0,-14.0,4.843896428571428,2.2304971109372453,-10.0,L
2,2023,7,Central Florida @ Kansas,Central Florida,-0.9489141534391534,3.890870556099966,2.5,-29.0,-3.448914153439153,0.8864119491284721,31.5,W
2,2023,8,West Va. @ Houston,Houston,6.769219708994709,3.1235714600865068,3.0,-2.0,3.769219708994709,1.2067019298768726,-5.0,L
2,2023,9,Hawaii @ New Mexico,New Mexico,0.01909259259259265,1.509429924342981,-2.5,21.0,2.5190925925925924,1.6689033071138388,23.5,W
2,2023,9,Central Florida @ Oklahoma,Central Florida,-21.54581084656085,5.134138663220983,-17.5,-2.0,-4.045810846560851,0.7880213433936838,-15.5,L
2,2023,10,East Carolina @ Texas-San Antonio,East Carolina,13.14503538359788,2.283452942328064,18.5,14.0,-5.354964616402119,2.3451171325398703,4.5,W
2,2023,10,Miami (Ohio) @ Ohio,Miami (Ohio),4.469092791005291,2.092338968826861,7.5,-14.0,-3.0309072089947087,1.4485737034731454,21.5,W
3,2023,11,Florida Atlantic @ UAB,Florida Atlantic,-2.569670707070707,2.1034550794670737,1.0,3.0,-3.569670707070707,1.6970510765436029,-2.0,L
3,2023,11,Texas A&M @ Mississippi,Texas A&M,-4.878704040404041,1.7229427723801511,-3.0,-3.0,-1.878704040404041,1.0904042029258547,-0.0,P
3,2023,12,Ohio @ Buffalo,Ohio,2.96940101010101,1.1135712537833293,7.0,10.0,-4.03059898989899,3.61952499779887,-3.0,L
3,2023,12,Minnesota @ Purdue,Minnesota,-2.795938383838384,2.1655116004366852,1.0,19.0,-3.795938383838384,1.7529060491169457,-18.0,L
3,2023,13,Utah @ Arizona,Arizona,2.1724260416666668,2.847401441145317,-1.0,-24.0,3.1724260416666668,1.1141477965926063,-23.0,L
3,2023,13,Nevada @ Colorado St.,Colorado St.,-5.251582291666667,2.9504050929775976,-12.5,-10.0,7.248417708333333,2.456753388063776,2.5,W
3,2023,13,South Florida @ Texas-San Antonio,South Florida,11.358009375,4.676966736503015,15.5,28.0,-4.141990625,0.885614728168236,-12.5,L
3,2023,14,Texas A&M @ LSU,LSU,-6.598978787878787,1.817854921564996,-12.0,-12.0,5.401021212121213,2.971095849316435,0.0,P
3,2023,19,Arizona @ Oklahoma,Oklahoma,4.6078020833333335,2.8479704852461,-2.5,-14.0,7.1078020833333335,2.4957428878407537,-11.5,L
3,2023,19,Mississippi @ Penn St.,Penn St.,10.344770833333333,2.5379503339357004,5.5,-13.0,4.8447708333333335,1.9089305131595522,-18.5,L
3,2023,19,James Madison @ Air Force,Air Force,5.637959375,2.3498011991582977,1.0,-10.0,4.637959375,1.9737667070139058,-11.0,L
3,2023,19,Georgia Southern @ Ohio,Ohio,3.3980677083333335,2.3012342725541313,-2.5,20.0,5.8980677083333335,2.563001854560027,22.5,W
4,2024,2,Georgia St. @ Georgia Tech,Georgia St.,16.615869963369963,4.061697665857488,20.5,23.0,-3.8841300366300366,0.9562824109928024,-2.5,L
4,2024,2,Ohio @ Syracuse,Ohio,12.762917915417916,4.027420201761285,18.0,16.0,-5.2370820845820845,1.3003565116676392,2.0,W
4,2024,3,Georgia Southern @ Nevada,Georgia Southern,-1.6633502608502604,2.2539022516767804,0.5,-3.0,-2.1633502608502604,0.9598243487448693,3.5,W
4,2024,3,Texas @ Michigan,Texas,2.3329102841602842,3.521760803225022,7.0,19.0,-4.667089715839715,1.3252148503572043,-12.0,L
4,2024,4,Central Mich. @ Illinois,Illinois,22.127278832278833,2.8275978578889305,18.5,21.0,3.627278832278833,1.2828128378152543,2.5,W
4,2024,4,Oklahoma St. @ Tulsa,Oklahoma St.,-23.821136363636366,3.5371167171303965,-18.0,-35.0,-5.821136363636366,1.6457292278324807,17.0,W
4,2024,5,Virginia @ Coastal Carolina,Virginia,-1.1246843434343434,2.207267293228082,3.5,19.0,-4.624684343434343,2.0952081144059536,-15.5,L
4,2024,5,Vanderbilt @ Missouri,Vanderbilt,-23.69725427350427,2.997368586135113,-20.0,-3.0,-3.697254273504271,1.233500040871386,-17.0,L
4,2024,6,Buffalo @ Connecticut,Buffalo,1.9610933510933513,2.507731092613055,6.0,44.0,-4.038906648906648,1.6105820360101324,-38.0,L
4,2024,6,Oklahoma St. @ Kansas St.,Kansas St.,-2.8984065934065932,2.3030741879794365,-5.0,-22.0,2.1015934065934068,0.9125165908950612,-17.0,L
4,2024,7,East Carolina @ Charlotte,East Carolina,4.545628538128538,4.033924298540398,9.0,-31.0,-4.454371461871462,1.1042278268541617,40.0,W
4,2024,7,Wake Forest @ NC St.,Wake Forest,-7.932983127983127,2.7289999164287924,-4.0,4.0,-3.9329831279831273,1.4411811097194478,-8.0,L
5,2024,8,Utah @ Arizona St.,Utah,-0.12297141387419168,3.722744884848555,5.5,-8.0,-5.6229714138741915,1.510436945802946,13.5,W
5,2024,8,Florida Intl. @ Liberty,Florida Intl.,12.708747795414462,4.296702909838154,17.5,7.0,-4.791252204585538,1.1150997183479954,10.5,W
5,2024,9,Arizona St. @ Cincinnati,Arizona St.,0.6807587448559672,3.029667332963489,5.5,10.0,-4.819241255144033,1.5906833079360103,-4.5,L
5,2024,9,Florida St. @ Duke,Florida St.,-7.818729056437389,5.819456062280121,-3.0,-7.0,-4.818729056437389,0.8280377074536005,4.0,W
5,2024,9,South Carolina @ Oklahoma,South Carolina,-5.142415490887712,2.406975384027498,-1.0,26.0,-4.142415490887712,1.7210045097995021,-27.0,L
5,2024,10,Oklahoma St. @ Baylor,Baylor,-3.673047839506173,2.4106574174842343,-7.0,-10.0,3.326952160493827,1.3801016006520908,-3.0,L
5,2024,10,Georgia Tech @ Virginia Tech,Georgia Tech,5.256105599647267,2.552067840838461,10.5,15.0,-5.243894400352733,2.0547629324108776,-4.5,L
5,2024,10,Tulane @ North Texas,North Texas,9.98303277483833,2.6504909110985753,7.5,8.0,2.48303277483833,0.9368199545378417,0.5,W
5,2024,11,Tulane @ Charlotte,Charlotte,17.038070620223397,2.8349353955366636,14.5,31.0,2.5380706202233974,0.8952834072407253,16.5,W
5,2024,11,Louisiana Tech @ Sam Houston St.,Sam Houston St.,13.579260361552027,3.013145990218528,10.0,6.0,3.579260361552027,1.187881494348849,-4.0,L
5,2024,12,Clemson @ Virginia Tech,Virginia Tech,-2.062855305702528,2.0345705095752633,-6.5,-10.0,4.437144694297472,2.1808753608759273,-3.5,L
5,2024,12,Iowa St. @ Kansas,Iowa St.,-8.642526087595533,4.038083583699392,-3.0,9.0,-5.642526087595533,1.3973277101971895,-12.0,L
5,2024,13,Louisiana-Monroe @ Auburn,Auburn,-14.908348030570254,7.671760169211481,-24.5,-34.0,9.591651969429746,1.2502544080983171,-9.5,L
5,2024,13,Wyoming @ Colorado St.,Wyoming,-11.073695987654322,2.0122131173911706,-9.5,-14.0,-1.5736959876543217,0.7820722238878031,4.5,W
6,2024,14,Akron @ Kent,Kent,-7.999074404761904,1.5552349402516294,-10.0,-21.0,2.0009255952380958,1.286574486883863,-11.0,L
6,2024,14,Sam Houston St. @ Jacksonville St.,Jacksonville St.,-3.999607738095238,2.3008736385392696,-6.0,-10.0,2.000392261904762,0.8694055285777141,-4.0,L
6,2024,15,Kent @ Buffalo,Buffalo,-17.430409722222223,3.0595138049504653,-24.0,-36.0,6.5695902777777775,2.147266100629391,-12.0,L
6,2024,15,Nebraska @ Iowa,Nebraska,-8.630664285714285,3.732612169711796,-3.0,-3.0,-5.6306642857142855,1.5085050441093757,-0.0,P
6,2024,18,Ohio @ Jacksonville St.,Ohio,2.536026984126984,2.3674699082359267,5.0,3.0,-2.463973015873016,1.0407621263955142,2.0,W
6,2024,20,Louisville @ Washington,Louisville,-6.8219851190476195,2.1466562174029473,-2.5,-1.0,-4.3219851190476195,2.013356905502276,-1.5,L
6,2024,20,Georgia Tech @ Vanderbilt,Vanderbilt,-1.9956156746031741,1.2424819337930657,-3.0,8.0,1.0043843253968259,0.8083693598108327,11.0,W
6,2024,20,Texas A&M @ USC,USC,-1.195052976190476,1.355443955470521,-4.0,4.0,2.804947023809524,2.0693935831790484,8.0,W
6,2025,2,Miami (Ohio) @ Wisconsin,Miami (Ohio),14.404496527777779,4.768551935088484,18.0,17.0,-3.595503472222221,0.7540032112821067,1.0,W
6,2025,3,Kent @ Texas Tech,Kent,37.865621527777776,9.103591086747015,49.0,48.0,-11.134378472222224,1.2230754178350152,1.0,W
7,2025,4,Texas St. @ Arizona St.,Arizona St.,-11.205931299603174,3.9369055396126282,-17.5,-19.0,6.294068700396826,1.5987350057213034,-1.5,L
7,2025,4,Colorado @ Houston,Colorado,2.30401774691358,3.416683694455835,5.0,16.0,-2.69598225308642,0.7890640440205575,-11.0,L
7,2025,4,Oregon @ Northwestern,Northwestern,31.52969367283951,4.85673802794376,26.5,20.0,5.02969367283951,1.0356114832425862,-6.5,L
7,2025,5,Ball St. @ Connecticut,Ball St.,15.993210648148148,4.118894610022595,21.0,6.0,-5.006789351851852,1.2155662685975803,15.0,W
7,2025,5,West Va. @ Kansas,Kansas,-8.941378858024692,2.2538631417293438,-13.0,-31.0,4.058621141975308,1.8007398350111046,-18.0,L
7,2025,5,Washington @ Washington St.,Washington St.,-15.577176339285716,4.598386076052476,-20.0,-35.0,4.422823660714284,0.9618208622689409,-15.0,L
7,2025,6,Memphis @ Florida Atlantic,Florida Atlantic,18.081803075396827,4.949044430354463,14.0,29.0,4.081803075396827,0.8247658983139253,15.0,W
7,2025,6,Rice @ Navy,Rice,-16.587935570987653,2.0108722764861504,-14.5,-8.0,-2.0879355709876535,1.0383233164048418,-6.5,L
7,2025,7,Clemson @ North Carolina,North Carolina,-7.460360725308642,3.8542853771262857,-14.0,-28.0,6.539639274691358,1.6967190113896662,-14.0,L
7,2025,7,Virginia @ Louisville,Louisville,-3.138123070987654,4.079314324194386,-6.5,3.0,3.361876929012346,0.8241279445109381,9.5,W
7,2025,8,Air Force @ UNLV,UNLV,12.211069058641975,3.027364279355085,7.0,3.0,5.211069058641975,1.7213221065527278,-4.0,L
7,2025,8,Iowa St. @ Colorado,Colorado,5.581737268518519,2.5704492841150137,3.0,-7.0,2.581737268518519,1.0043914441235091,-10.0,L
7,2025,9,Wyoming @ Air Force,Air Force,-3.2418613591269843,1.3957063358395985,-4.5,-3.0,1.2581386408730157,0.9014350716665424,1.5,W
7,2025,9,Delaware @ Jacksonville St.,Jacksonville St.,2.838768132716049,4.17434699673726,-3.0,13.0,5.83876813271605,1.3987261090847813,16.0,W
8,2025,10,Boise St. @ Nevada,Nevada,-17.880941230486687,3.6839964553094458,-21.5,-21.0,3.6190587695133125,0.9823730324977529,0.5,W
8,2025,10,South Florida @ Memphis,South Florida,-1.5267679063360882,3.6466738839066455,5.5,-3.0,-7.026767906336088,1.9268978060655046,8.5,W
8,2025,11,Arizona St. @ Iowa St.,Arizona St.,3.0860529155188243,2.6030043968458614,7.5,-5.0,-4.413947084481176,1.6957124966172505,12.5,W
8,2025,11,Georgia Tech @ NC St.,Georgia Tech,-9.827222222222222,2.2746397082767076,-5.5,12.0,-4.327222222222222,1.9023769814959284,-17.5,L
8,2025,11,North Carolina @ Syracuse,Syracuse,6.0516682736455465,3.1357760443510236,2.5,-17.0,3.5516682736455465,1.1326281671306648,-19.5,L
8,2025,12,UNLV @ Colorado St.,Colorado St.,6.603333333333333,2.619698880066605,4.5,32.0,2.1033333333333326,0.8028912595022585,27.5,W
8,2025,12,Syracuse @ Miami (Fla.),Miami (Fla.),-22.311802456382,4.234704474413325,-28.5,-28.0,6.188197543617999,1.461305642697844,0.5,W
8,2025,12,Wake Forest @ Virginia,Wake Forest,-10.815555555555555,1.6155278539578244,-6.5,7.0,-4.315555555555555,2.671297523582171,-13.5,L
8,2025,13,Delaware @ Sam Houston St.,Sam Houston St.,-8.916111111111112,2.487449360487094,-11.0,3.0,2.083888888888888,0.8377613317445864,14.0,W
8,2025,13,NC St. @ Miami (Fla.),NC St.,-17.875116850321398,2.6650215711082863,-14.5,-34.0,-3.3751168503213975,1.2664501056619246,19.5,W
8,2025,13,Texas St. @ Southern Miss.,Texas St.,-8.960555555555555,4.4074773025892595,-3.0,27.0,-5.960555555555555,1.3523735112722892,-30.0,L
8,2025,14,Duke @ North Carolina,North Carolina,-5.068921258034894,1.9232202359882327,-7.0,-7.0,1.9310787419651056,1.0040861185993266,0.0,P
8,2025,14,Rutgers @ Ohio St.,Ohio St.,-30.575730831037653,3.2052787449142213,-33.0,-33.0,2.424269168962347,0.7563364567930034,0.0,P
8,2025,15,Bowling Green @ Massachusetts,Massachusetts,-11.486384992784993,2.687862672604449,-14.0,-31.0,2.513615007215007,0.9351724077403843,-17.0,L
8,2025,15,Georgia St. @ Old Dominion,Georgia St.,22.69005079365079,4.571735509862351,28.0,17.0,-5.309949206349209,1.1614734043328514,11.0,W
8,2025,15,Texas Tech @ West Va.,West Va.,-18.861642712842716,4.550071226522464,-24.0,-49.0,5.138357287157284,1.1292916157456365,-25.0,L
