architecture,architecture_name,line_reference,threshold,blocks,bets,wins,losses,pushes,ats_pct,wilson_low,wilson_high,units_flat,roi_flat,units_win1,roi_win1,profitable_blocks,max_drawdown_flat,max_drawdown_win1,longest_losing_streak
A,All-model consensus,Close (PT Updated/final),0.0,8,2374,1186,1188,52,0.4995787700084246,0.47948230111947604,0.5196765999612349,-109.81818181818188,-0.04625871180209852,-120.80000000000005,-0.046258711802098514,2,-126.72727272727383,-139.39999999999912,12
A,All-model consensus,Close (PT Updated/final),0.25,8,1595,799,796,35,0.5009404388714733,0.47642934867140463,0.5254470098121373,-69.63636363636368,-0.04365916215445999,-76.60000000000007,-0.043659162154459995,2,-95.36363636363716,-104.89999999999881,10
A,All-model consensus,Close (PT Updated/final),0.5,8,985,499,486,22,0.5065989847715736,0.4754113690192723,0.5377353270744196,-32.36363636363638,-0.032856483617904955,-35.60000000000002,-0.03285648361790496,3,-74.27272727272752,-81.70000000000024,10
A,All-model consensus,Close (PT Updated/final),0.75,8,554,273,281,12,0.4927797833935018,0.45134120445544645,0.5343178069915305,-32.81818181818183,-0.05923859533967839,-36.10000000000002,-0.0592385953396784,2,-58.45454545454554,-64.30000000000015,7
A,All-model consensus,Close (PT Updated/final),1.0,8,265,129,136,5,0.4867924528301887,0.42723248462145996,0.5467298783461758,-18.727272727272727,-0.07066895368782161,-20.600000000000016,-0.07066895368782167,3,-33.45454545454548,-36.80000000000002,8
A,All-model consensus,Close (PT Updated/final),1.25,8,129,61,68,3,0.4728682170542636,0.38874705666597537,0.5585586066202242,-12.545454545454549,-0.09725158562367867,-13.800000000000006,-0.09725158562367868,2,-17.818181818181838,-19.59999999999998,12
A,All-model consensus,Close (PT Updated/final),1.5,8,59,27,32,2,0.4576271186440678,0.3370110214024243,0.583423849765719,-7.454545454545455,-0.1263482280431433,-8.200000000000005,-0.12634822804314336,3,-10.363636363636363,-11.399999999999997,7
A,All-model consensus,Close (PT Updated/final),1.75,8,37,15,22,1,0.40540540540540543,0.26346295839940137,0.565143168686707,-8.363636363636363,-0.22604422604422603,-9.2,-0.226044226044226,2,-12.727272727272727,-13.999999999999995,7
A,All-model consensus,Close (PT Updated/final),2.0,8,19,8,11,1,0.42105263157894735,0.2314162039203038,0.6372444853483988,-3.7272727272727275,-0.19617224880382778,-4.100000000000001,-0.1961722488038278,1,-4.454545454545454,-4.9,4
B,Prior-ranked Top-N consensus,Close (PT Updated/final),0.0,8,2374,1193,1181,52,0.5025273799494524,0.48242639655066033,0.5226201969650726,-96.4545454545455,-0.040629547369227255,-106.10000000000008,-0.04062954736922726,2,-118.81818181818346,-130.69999999999783,12
B,Prior-ranked Top-N consensus,Close (PT Updated/final),0.25,8,1632,811,821,38,0.49693627450980393,0.4727138094751982,0.521173129211286,-83.72727272727273,-0.05130347593582888,-92.10000000000008,-0.05130347593582892,1,-108.0909090909101,-118.89999999999873,9
B,Prior-ranked Top-N consensus,Close (PT Updated/final),0.5,8,997,489,508,26,0.49047141424272817,0.459536303925068,0.5214796730287278,-63.454545454545475,-0.06364548190024621,-69.80000000000003,-0.06364548190024621,0,-81.5454545454549,-89.69999999999986,9
B,Prior-ranked Top-N consensus,Close (PT Updated/final),0.75,8,573,279,294,12,0.4869109947643979,0.4462085191745073,0.5277878084135169,-40.363636363636374,-0.07044264635887675,-44.40000000000002,-0.07044264635887675,2,-56.727272727272904,-62.40000000000027,7
B,Prior-ranked Top-N consensus,Close (PT Updated/final),1.0,8,291,137,154,4,0.47079037800687284,0.41419403222453877,0.5281478896752204,-29.454545454545453,-0.10121836925960637,-32.400000000000006,-0.10121836925960638,2,-40.27272727272724,-44.30000000000012,9
B,Prior-ranked Top-N consensus,Close (PT Updated/final),1.25,8,136,65,71,3,0.47794117647058826,0.3957536153824567,0.5613406970395979,-11.909090909090914,-0.08756684491978613,-13.100000000000005,-0.08756684491978611,1,-18.545454545454543,-20.39999999999999,6
B,Prior-ranked Top-N consensus,Close (PT Updated/final),1.5,8,74,33,41,2,0.44594594594594594,0.33815638584551055,0.5590708037292155,-11.000000000000002,-0.14864864864864868,-12.100000000000001,-0.14864864864864866,1,-13.272727272727273,-14.599999999999996,5
B,Prior-ranked Top-N consensus,Close (PT Updated/final),1.75,8,41,19,22,1,0.4634146341463415,0.32055999118185885,0.6125378465402564,-4.727272727272727,-0.11529933481152992,-5.200000000000001,-0.11529933481152996,3,-8.09090909090909,-8.899999999999997,5
B,Prior-ranked Top-N consensus,Close (PT Updated/final),2.0,8,25,12,13,1,0.48,0.30031003928960015,0.6650178204685269,-2.0909090909090917,-0.08363636363636368,-2.3000000000000007,-0.08363636363636365,2,-5.0,-5.5,5
C,Best prior single model,Close (PT Updated/final),0.0,8,1714,850,864,38,0.4959159859976663,0.47228116741250276,0.5195690707002547,-91.2727272727273,-0.053251299459000756,-100.40000000000009,-0.05325129945900079,1,-107.72727272727374,-118.49999999999832,9
C,Best prior single model,Close (PT Updated/final),0.25,8,1714,850,864,38,0.4959159859976663,0.47228116741250276,0.5195690707002547,-91.2727272727273,-0.053251299459000756,-100.40000000000009,-0.05325129945900079,1,-107.72727272727374,-118.49999999999832,9
C,Best prior single model,Close (PT Updated/final),0.5,8,1714,850,864,38,0.4959159859976663,0.47228116741250276,0.5195690707002547,-91.2727272727273,-0.053251299459000756,-100.40000000000009,-0.05325129945900079,1,-107.72727272727374,-118.49999999999832,9
C,Best prior single model,Close (PT Updated/final),0.75,8,1714,850,864,38,0.4959159859976663,0.47228116741250276,0.5195690707002547,-91.2727272727273,-0.053251299459000756,-100.40000000000009,-0.05325129945900079,1,-107.72727272727374,-118.49999999999832,9
C,Best prior single model,Close (PT Updated/final),1.0,8,1714,850,864,38,0.4959159859976663,0.47228116741250276,0.5195690707002547,-91.2727272727273,-0.053251299459000756,-100.40000000000009,-0.05325129945900079,1,-107.72727272727374,-118.49999999999832,9
C,Best prior single model,Close (PT Updated/final),1.25,8,1714,850,864,38,0.4959159859976663,0.47228116741250276,0.5195690707002547,-91.2727272727273,-0.053251299459000756,-100.40000000000009,-0.05325129945900079,1,-107.72727272727374,-118.49999999999832,9
C,Best prior single model,Close (PT Updated/final),1.5,8,1714,850,864,38,0.4959159859976663,0.47228116741250276,0.5195690707002547,-91.2727272727273,-0.053251299459000756,-100.40000000000009,-0.05325129945900079,1,-107.72727272727374,-118.49999999999832,9
C,Best prior single model,Close (PT Updated/final),1.75,8,1714,850,864,38,0.4959159859976663,0.47228116741250276,0.5195690707002547,-91.2727272727273,-0.053251299459000756,-100.40000000000009,-0.05325129945900079,1,-107.72727272727374,-118.49999999999832,9
C,Best prior single model,Close (PT Updated/final),2.0,8,1714,850,864,38,0.4959159859976663,0.47228116741250276,0.5195690707002547,-91.2727272727273,-0.053251299459000756,-100.40000000000009,-0.05325129945900079,1,-107.72727272727374,-118.49999999999832,9
D,Top-N diversified model consensus,Close (PT Updated/final),0.0,8,2374,1178,1196,52,0.4962089300758214,0.4761184750781153,0.5163116346482853,-125.09090909090914,-0.0526920425825228,-137.60000000000008,-0.052692042582522816,3,-135.0000000000016,-148.4999999999982,12
D,Top-N diversified model consensus,Close (PT Updated/final),0.25,8,1948,961,987,44,0.49332648870636553,0.471159437645898,0.5155198092765981,-113.3636363636364,-0.058194885196938606,-124.70000000000009,-0.05819488519693862,2,-121.27272727272867,-133.39999999999827,12
D,Top-N diversified model consensus,Close (PT Updated/final),0.5,8,1527,763,764,40,0.4996725605762934,0.47462608587674504,0.5247206786742052,-70.36363636363639,-0.04607965708162173,-77.40000000000006,-0.046079657081621754,3,-91.00000000000024,-100.09999999999992,12
D,Top-N diversified model consensus,Close (PT Updated/final),0.75,8,1197,587,610,32,0.4903926482873851,0.46214833945893097,0.5186984266757533,-76.36363636363637,-0.06379585326953749,-84.00000000000006,-0.06379585326953752,3,-101.54545454545487,-111.69999999999979,11
D,Top-N diversified model consensus,Close (PT Updated/final),1.0,8,908,453,455,21,0.4988986784140969,0.46644953545911216,0.5313571011321553,-43.181818181818194,-0.04755706848217863,-47.50000000000004,-0.04755706848217865,3,-67.90909090909096,-74.70000000000037,9
D,Top-N diversified model consensus,Close (PT Updated/final),1.25,8,692,347,345,16,0.5014450867052023,0.4642862310750469,0.5385879862755684,-29.545454545454554,-0.042695743562795596,-32.50000000000003,-0.042695743562795624,2,-59.36363636363644,-65.30000000000025,9
D,Top-N diversified model consensus,Close (PT Updated/final),1.5,8,539,273,266,12,0.5064935064935064,0.46438911436435293,0.5485059916849991,-17.818181818181824,-0.03305785123966943,-19.60000000000003,-0.033057851239669464,4,-50.81818181818187,-55.90000000000004,9
D,Top-N diversified model consensus,Close (PT Updated/final),1.75,8,424,214,210,7,0.5047169811320755,0.45729786063412087,0.5520513938563261,-15.454545454545455,-0.03644939965694683,-17.000000000000018,-0.036449399656946865,5,-38.2727272727273,-42.10000000000007,10
D,Top-N diversified model consensus,Close (PT Updated/final),2.0,8,358,180,178,7,0.5027932960893855,0.4512455064082797,0.5542817740370863,-14.363636363636365,-0.04012188928390046,-15.800000000000022,-0.040121889283900515,4,-38.000000000000036,-41.800000000000026,10
E,Exact combinations → Top-50 → META,Close (PT Updated/final),0.0,8,1780,869,911,40,0.48820224719101124,0.46503089785929097,0.5114244107286463,-121.00000000000004,-0.06797752808988766,-133.10000000000005,-0.06797752808988766,0,-135.1818181818192,-148.699999999998,8
E,Exact combinations → Top-50 → META,Close (PT Updated/final),0.25,8,1383,667,716,34,0.4822848879248012,0.4560348740176168,0.5086330447987786,-109.63636363636364,-0.07927430487083416,-120.60000000000008,-0.0792743048708342,0,-123.45454545454643,-135.79999999999828,9
E,Exact combinations → Top-50 → META,Close (PT Updated/final),0.5,8,1038,497,541,26,0.47880539499036606,0.4485490952532507,0.5092179971723155,-89.1818181818182,-0.08591697320021022,-98.10000000000004,-0.08591697320021022,3,-104.0000000000004,-114.39999999999965,10
E,Exact combinations → Top-50 → META,Close (PT Updated/final),0.75,8,721,349,372,23,0.4840499306518724,0.44775262907618424,0.5205163003009374,-54.72727272727275,-0.07590467784642545,-60.200000000000024,-0.07590467784642545,1,-72.09090909090939,-79.29999999999997,11
E,Exact combinations → Top-50 → META,Close (PT Updated/final),1.0,8,486,230,256,17,0.4732510288065844,0.42924467552695994,0.5176769415835508,-46.909090909090914,-0.09652076318742986,-51.60000000000003,-0.0965207631874299,0,-54.72727272727287,-60.20000000000018,14
E,Exact combinations → Top-50 → META,Close (PT Updated/final),1.25,8,334,159,175,10,0.47604790419161674,0.423063311645909,0.5295772157491779,-30.454545454545457,-0.09118127381600437,-33.500000000000014,-0.09118127381600438,1,-44.81818181818184,-49.30000000000015,18
E,Exact combinations → Top-50 → META,Close (PT Updated/final),1.5,8,228,105,123,8,0.4605263157894737,0.3970158185577866,0.5253449657018112,-27.545454545454547,-0.12081339712918661,-30.30000000000001,-0.12081339712918664,2,-32.90909090909088,-36.20000000000008,11
E,Exact combinations → Top-50 → META,Close (PT Updated/final),1.75,8,137,67,70,5,0.48905109489051096,0.4067917131500425,0.5719077620050255,-9.090909090909093,-0.06635700066357003,-10.000000000000004,-0.06635700066357002,3,-16.454545454545457,-18.099999999999994,5
E,Exact combinations → Top-50 → META,Close (PT Updated/final),2.0,8,89,45,44,3,0.5056179775280899,0.4036837527420452,0.6070872809325145,-3.090909090909093,-0.03472931562819206,-3.400000000000005,-0.03472931562819208,4,-7.999999999999997,-8.799999999999999,5
A,All-model consensus,Midweek,0.0,8,2382,1198,1184,44,0.5029387069689337,0.4828708869291889,0.5229970633991146,-94.90909090909096,-0.03984428669567211,-104.40000000000009,-0.03984428669567212,2,-108.27272727272847,-119.09999999999826,12
A,All-model consensus,Midweek,0.25,8,1586,799,787,27,0.5037831021437579,0.4791965151391112,0.5283514066161127,-60.63636363636367,-0.03823225954373497,-66.70000000000007,-0.03823225954373499,2,-87.09090909090943,-95.79999999999983,9
A,All-model consensus,Midweek,0.5,8,994,504,490,20,0.5070422535211268,0.4759943868733741,0.5380358960893727,-31.818181818181827,-0.03201024327784892,-35.00000000000004,-0.032010243277848946,3,-75.45454545454557,-83.00000000000027,12
A,All-model consensus,Midweek,0.75,8,537,265,272,9,0.4934823091247672,0.4513924988491807,0.5356647097679079,-31.0909090909091,-0.05789740985271713,-34.20000000000003,-0.057897409852717165,1,-39.45454545454547,-43.40000000000013,9
A,All-model consensus,Midweek,1.0,8,261,131,130,2,0.5019157088122606,0.44166943487668986,0.5621064069850117,-10.909090909090917,-0.04179728317659355,-12.000000000000014,-0.04179728317659357,2,-20.909090909090914,-22.999999999999982,14
A,All-model consensus,Midweek,1.25,8,120,52,68,0,0.43333333333333335,0.34810028273121946,0.5227024200762379,-20.727272727272727,-0.17272727272727273,-22.800000000000004,-0.17272727272727276,3,-23.909090909090924,-26.300000000000004,10
A,All-model consensus,Midweek,1.5,8,60,26,34,0,0.43333333333333335,0.31572200394400635,0.5589678534530513,-10.363636363636363,-0.17272727272727273,-11.400000000000004,-0.17272727272727278,4,-12.909090909090917,-14.19999999999999,7
A,All-model consensus,Midweek,1.75,8,28,14,14,0,0.5,0.3263284683244634,0.6736715316755366,-1.2727272727272734,-0.04545454545454548,-1.4000000000000012,-0.04545454545454549,4,-6.545454545454545,-7.199999999999999,4
A,All-model consensus,Midweek,2.0,8,14,6,8,0,0.42857142857142855,0.21380509930400526,0.6740973309713064,-2.5454545454545454,-0.18181818181818182,-2.8000000000000007,-0.18181818181818185,2,-4.090909090909091,-4.5,3
B,Prior-ranked Top-N consensus,Midweek,0.0,8,2382,1194,1188,44,0.5012594458438288,0.48119404725895293,0.5213207885960344,-102.5454545454546,-0.04305014884359975,-112.8000000000001,-0.043050148843599756,1,-119.09090909091067,-130.99999999999784,12
B,Prior-ranked Top-N consensus,Midweek,0.25,8,1592,799,793,28,0.5018844221105527,0.4773481596878518,0.5264116119586574,-66.63636363636364,-0.04185701233439927,-73.30000000000007,-0.041857012334399306,2,-84.0000000000003,-92.39999999999992,10
B,Prior-ranked Top-N consensus,Midweek,0.5,8,987,491,496,21,0.49746707193515705,0.46634407610425327,0.5286097086379296,-49.636363636363654,-0.050290135396518394,-54.60000000000004,-0.05029013539651841,2,-70.09090909090945,-77.10000000000032,9
B,Prior-ranked Top-N consensus,Midweek,0.75,8,552,266,286,12,0.48188405797101447,0.4404691879300232,0.5235493382112372,-44.18181818181819,-0.08003952569169961,-48.60000000000002,-0.08003952569169964,1,-54.09090909090931,-59.50000000000021,9
B,Prior-ranked Top-N consensus,Midweek,1.0,8,261,120,141,2,0.45977011494252873,0.40032714064161523,0.5203801802626535,-31.909090909090914,-0.12225705329153606,-35.10000000000001,-0.12225705329153606,2,-35.27272727272727,-38.8000000000001,7
B,Prior-ranked Top-N consensus,Midweek,1.25,8,131,60,71,1,0.4580152671755725,0.37510645160595435,0.5433163496660566,-16.454545454545453,-0.12560721721027063,-18.100000000000005,-0.12560721721027066,3,-22.272727272727266,-24.50000000000001,6
B,Prior-ranked Top-N consensus,Midweek,1.5,8,66,29,37,1,0.4393939393939394,0.32627930124012827,0.5591757856994607,-10.636363636363638,-0.16115702479338845,-11.700000000000005,-0.16115702479338848,2,-15.18181818181819,-16.699999999999992,5
B,Prior-ranked Top-N consensus,Midweek,1.75,8,32,14,18,0,0.4375,0.2816508596944317,0.6067469796877387,-5.272727272727273,-0.1647727272727273,-5.800000000000002,-0.1647727272727273,3,-8.909090909090908,-9.799999999999999,6
B,Prior-ranked Top-N consensus,Midweek,2.0,8,20,10,10,0,0.5,0.2992949144298199,0.7007050855701801,-0.9090909090909092,-0.045454545454545456,-1.0000000000000009,-0.0454545454545455,3,-5.0,-5.5,5
C,Best prior single model,Midweek,0.0,8,2238,1104,1134,42,0.4932975871313673,0.4726131560824718,0.5140049885714593,-130.36363636363635,-0.05825006093102607,-143.4000000000001,-0.05825006093102611,0,-146.909090909093,-161.5999999999966,11
C,Best prior single model,Midweek,0.25,8,2238,1104,1134,42,0.4932975871313673,0.4726131560824718,0.5140049885714593,-130.36363636363635,-0.05825006093102607,-143.4000000000001,-0.05825006093102611,0,-146.909090909093,-161.5999999999966,11
C,Best prior single model,Midweek,0.5,8,2238,1104,1134,42,0.4932975871313673,0.4726131560824718,0.5140049885714593,-130.36363636363635,-0.05825006093102607,-143.4000000000001,-0.05825006093102611,0,-146.909090909093,-161.5999999999966,11
C,Best prior single model,Midweek,0.75,8,2238,1104,1134,42,0.4932975871313673,0.4726131560824718,0.5140049885714593,-130.36363636363635,-0.05825006093102607,-143.4000000000001,-0.05825006093102611,0,-146.909090909093,-161.5999999999966,11
C,Best prior single model,Midweek,1.0,8,2238,1104,1134,42,0.4932975871313673,0.4726131560824718,0.5140049885714593,-130.36363636363635,-0.05825006093102607,-143.4000000000001,-0.05825006093102611,0,-146.909090909093,-161.5999999999966,11
C,Best prior single model,Midweek,1.25,8,2238,1104,1134,42,0.4932975871313673,0.4726131560824718,0.5140049885714593,-130.36363636363635,-0.05825006093102607,-143.4000000000001,-0.05825006093102611,0,-146.909090909093,-161.5999999999966,11
C,Best prior single model,Midweek,1.5,8,2238,1104,1134,42,0.4932975871313673,0.4726131560824718,0.5140049885714593,-130.36363636363635,-0.05825006093102607,-143.4000000000001,-0.05825006093102611,0,-146.909090909093,-161.5999999999966,11
C,Best prior single model,Midweek,1.75,8,2238,1104,1134,42,0.4932975871313673,0.4726131560824718,0.5140049885714593,-130.36363636363635,-0.05825006093102607,-143.4000000000001,-0.05825006093102611,0,-146.909090909093,-161.5999999999966,11
C,Best prior single model,Midweek,2.0,8,2238,1104,1134,42,0.4932975871313673,0.4726131560824718,0.5140049885714593,-130.36363636363635,-0.05825006093102607,-143.4000000000001,-0.05825006093102611,0,-146.909090909093,-161.5999999999966,11
D,Top-N diversified model consensus,Midweek,0.0,8,2382,1178,1204,44,0.4945424013434089,0.47448894807048836,0.5146134298912338,-133.0909090909091,-0.055873597435310285,-146.4000000000001,-0.05587359743531031,2,-144.00000000000193,-158.39999999999753,12
D,Top-N diversified model consensus,Midweek,0.25,8,1928,950,978,32,0.4927385892116183,0.47045868974888516,0.5150473683047359,-114.36363636363639,-0.059317238777819706,-125.80000000000008,-0.05931723877781973,2,-126.54545454545604,-139.1999999999983,11
D,Top-N diversified model consensus,Midweek,0.5,8,1451,716,735,29,0.4934527911784976,0.4677790751505467,0.5191610838330843,-84.09090909090911,-0.057953762295595526,-92.50000000000006,-0.05795376229559555,2,-101.36363636363703,-111.49999999999973,10
D,Top-N diversified model consensus,Midweek,0.75,8,1064,527,537,24,0.49530075187969924,0.4653292403396369,0.5253060748606699,-57.90909090909092,-0.054425837320574176,-63.700000000000045,-0.0544258373205742,2,-71.36363636363664,-78.50000000000043,9
D,Top-N diversified model consensus,Midweek,1.0,8,758,387,371,17,0.5105540897097626,0.4750033965502367,0.5459983444940959,-19.181818181818194,-0.025305828735907906,-21.100000000000044,-0.02530582873590794,3,-34.90909090909105,-38.40000000000007,9
D,Top-N diversified model consensus,Midweek,1.25,8,546,266,280,10,0.48717948717948717,0.44548934669447227,0.5290487748299811,-38.181818181818194,-0.06993006993006995,-42.00000000000002,-0.06993006993006996,1,-40.363636363636274,-44.40000000000023,10
D,Top-N diversified model consensus,Midweek,1.5,8,432,205,227,8,0.47453703703703703,0.4278798303219535,0.5216431156290524,-40.63636363636364,-0.09406565656565657,-44.70000000000002,-0.09406565656565659,1,-42.18181818181816,-46.40000000000021,10
D,Top-N diversified model consensus,Midweek,1.75,8,349,167,182,6,0.4785100286532951,0.4266198443250699,0.5308681616243418,-30.181818181818183,-0.08648085438916385,-33.20000000000002,-0.08648085438916388,2,-32.45454545454536,-35.70000000000016,9
D,Top-N diversified model consensus,Midweek,2.0,8,292,136,156,3,0.4657534246575342,0.4093536026056788,0.5230426526876942,-32.36363636363637,-0.11083437110834372,-35.600000000000016,-0.11083437110834374,2,-37.09090909090902,-40.80000000000013,8
E,Exact combinations → Top-50 → META,Midweek,0.0,8,1584,762,822,29,0.4810606060606061,0.4565304131940439,0.505682442294816,-129.27272727272728,-0.08161157024793389,-142.20000000000005,-0.0816115702479339,2,-139.9090909090922,-153.89999999999793,8
E,Exact combinations → Top-50 → META,Midweek,0.25,8,1255,614,641,26,0.4892430278884462,0.4616611561479086,0.5168905536144633,-82.81818181818184,-0.06599058312205724,-91.10000000000005,-0.06599058312205726,3,-99.45454545454625,-109.39999999999915,9
E,Exact combinations → Top-50 → META,Midweek,0.5,8,927,463,464,18,0.4994606256742179,0.4673419349139412,0.5315837684495527,-43.09090909090911,-0.0464842600764931,-47.400000000000034,-0.04648426007649312,3,-62.81818181818213,-69.10000000000034,10
E,Exact combinations → Top-50 → META,Midweek,0.75,8,687,354,333,15,0.5152838427947598,0.47793094888448645,0.5524667573335525,-11.18181818181819,-0.01627630011909489,-12.300000000000026,-0.01627630011909491,4,-35.1818181818182,-38.7,7
E,Exact combinations → Top-50 → META,Midweek,1.0,8,489,249,240,9,0.50920245398773,0.4649940692833811,0.5532673761790148,-13.636363636363644,-0.027886224205242626,-15.000000000000025,-0.02788622420524265,3,-30.818181818181838,-33.89999999999998,8
E,Exact combinations → Top-50 → META,Midweek,1.25,8,320,159,161,6,0.496875,0.44245536364513655,0.5513687775399365,-16.454545454545457,-0.051420454545454554,-18.100000000000012,-0.05142045454545458,2,-28.636363636363647,-31.5,6
E,Exact combinations → Top-50 → META,Midweek,1.5,8,208,108,100,3,0.5192307692307693,0.4515991137241986,0.586164951501895,-1.818181818181822,-0.00874125874125876,-2.000000000000008,-0.008741258741258777,5,-19.636363636363633,-21.59999999999999,7
E,Exact combinations → Top-50 → META,Midweek,1.75,8,132,65,67,2,0.49242424242424243,0.4085645767019153,0.5767123929450853,-7.909090909090913,-0.059917355371900856,-8.700000000000006,-0.05991735537190086,5,-11.54545454545455,-12.699999999999992,5
E,Exact combinations → Top-50 → META,Midweek,2.0,8,79,34,45,2,0.43037974683544306,0.3269364765548295,0.5402799943969628,-14.090909090909093,-0.17836593785960878,-15.500000000000004,-0.17836593785960878,2,-14.727272727272734,-16.199999999999992,4
A,All-model consensus,Open,0.0,8,2390,1180,1210,36,0.49372384937238495,0.4737056156514716,0.5137622268323419,-137.2727272727273,-0.05743628756181059,-151.0000000000001,-0.057436287561810614,2,-158.9090909090933,-174.7999999999967,12
A,All-model consensus,Open,0.25,8,1539,777,762,23,0.5048732943469786,0.4799126377644613,0.5298096824011346,-55.63636363636367,-0.03615098351940459,-61.20000000000006,-0.03615098351940461,1,-85.72727272727353,-94.30000000000037,9
A,All-model consensus,Open,0.5,8,870,443,427,15,0.5091954022988506,0.4760085606902142,0.5423013938827885,-24.272727272727288,-0.027899686520376193,-26.70000000000003,-0.027899686520376204,2,-59.090909090909086,-65.00000000000028,8
A,All-model consensus,Open,0.75,8,448,228,220,7,0.5089285714285714,0.4627565470663406,0.5549487726740285,-12.72727272727274,-0.02840909090909094,-14.000000000000018,-0.028409090909090943,3,-36.54545454545452,-40.20000000000007,9
A,All-model consensus,Open,1.0,8,206,109,97,3,0.529126213592233,0.4610538276322251,0.5961321640872433,2.0909090909090873,0.010150044130626637,2.29999999999999,0.01015004413062661,4,-15.818181818181817,-17.4,7
A,All-model consensus,Open,1.25,8,92,52,40,1,0.5652173913043478,0.46332061916830214,0.6618859717066414,7.272727272727271,0.07905138339920946,7.999999999999995,0.07905138339920943,6,-8.27272727272728,-9.099999999999993,6
A,All-model consensus,Open,1.5,8,40,22,18,1,0.55,0.39828829888440775,0.6929492471905531,1.9999999999999987,0.04999999999999997,2.1999999999999984,0.04999999999999996,5,-4.545454545454545,-5.0,4
A,All-model consensus,Open,1.75,8,14,7,7,1,0.5,0.2679886791947528,0.7320113208052472,-0.6363636363636365,-0.04545454545454546,-0.7000000000000006,-0.04545454545454549,2,-3.272727272727273,-3.6000000000000005,2
A,All-model consensus,Open,2.0,8,5,1,4,0,0.2,0.03622316096978745,0.6244717358814613,-3.090909090909091,-0.6181818181818182,-3.4000000000000004,-0.6181818181818183,0,-4.0,-4.4,4
B,Prior-ranked Top-N consensus,Open,0.0,8,2390,1179,1211,36,0.49330543933054394,0.47328809414432566,0.5133442711717421,-139.18181818181824,-0.05823507036896161,-153.10000000000008,-0.05823507036896161,1,-164.6363636363659,-181.09999999999627,9
B,Prior-ranked Top-N consensus,Open,0.25,8,1596,803,793,26,0.5031328320802005,0.4786245763564335,0.5276260424548288,-63.00000000000003,-0.039473684210526334,-69.30000000000007,-0.03947368421052635,1,-92.0909090909098,-101.29999999999936,11
B,Prior-ranked Top-N consensus,Open,0.5,8,947,493,454,14,0.5205913410770855,0.4887536767575003,0.5522626187011754,-5.818181818181841,-0.006143803398291279,-6.400000000000034,-0.006143803398291287,3,-39.54545454545464,-43.50000000000006,9
B,Prior-ranked Top-N consensus,Open,0.75,8,495,256,239,9,0.5171717171717172,0.47318737173980896,0.5608915823810983,-6.272727272727284,-0.012672176308539968,-6.9000000000000234,-0.012672176308539987,4,-28.090909090909133,-30.899999999999977,11
B,Prior-ranked Top-N consensus,Open,1.0,8,240,129,111,3,0.5375,0.4743247298390847,0.5994936834259201,6.272727272727268,0.026136363636363617,6.899999999999993,0.02613636363636361,5,-13.90909090909091,-15.299999999999985,7
B,Prior-ranked Top-N consensus,Open,1.25,8,119,66,53,2,0.5546218487394958,0.4650056938418577,0.6408216480358123,6.9999999999999964,0.05882352941176468,7.6999999999999975,0.058823529411764684,4,-9.18181818181819,-10.099999999999993,6
B,Prior-ranked Top-N consensus,Open,1.5,8,52,30,22,1,0.5769230769230769,0.4419408497943149,0.7013215209113954,5.272727272727271,0.10139860139860137,5.799999999999999,0.10139860139860138,6,-4.181818181818182,-4.599999999999998,4
B,Prior-ranked Top-N consensus,Open,1.75,8,20,13,7,1,0.65,0.43285051021946463,0.8188104521320554,4.8181818181818175,0.24090909090909088,5.299999999999999,0.24090909090909085,4,-2.0,-2.1999999999999997,2
B,Prior-ranked Top-N consensus,Open,2.0,8,7,4,3,0,0.5714285714285714,0.2504542304090258,0.8417830777373732,0.6363636363636362,0.0909090909090909,0.6999999999999997,0.09090909090909086,3,-2.0,-2.2,2
C,Best prior single model,Open,0.0,8,2383,1203,1180,36,0.5048258497691985,0.4847597845875035,0.5248763806276495,-86.36363636363642,-0.03624155953153018,-95.00000000000011,-0.036241559531530194,1,-133.54545454545664,-146.8999999999973,13
C,Best prior single model,Open,0.25,8,2383,1203,1180,36,0.5048258497691985,0.4847597845875035,0.5248763806276495,-86.36363636363642,-0.03624155953153018,-95.00000000000011,-0.036241559531530194,1,-133.54545454545664,-146.8999999999973,13
C,Best prior single model,Open,0.5,8,2383,1203,1180,36,0.5048258497691985,0.4847597845875035,0.5248763806276495,-86.36363636363642,-0.03624155953153018,-95.00000000000011,-0.036241559531530194,1,-133.54545454545664,-146.8999999999973,13
C,Best prior single model,Open,0.75,8,2383,1203,1180,36,0.5048258497691985,0.4847597845875035,0.5248763806276495,-86.36363636363642,-0.03624155953153018,-95.00000000000011,-0.036241559531530194,1,-133.54545454545664,-146.8999999999973,13
C,Best prior single model,Open,1.0,8,2383,1203,1180,36,0.5048258497691985,0.4847597845875035,0.5248763806276495,-86.36363636363642,-0.03624155953153018,-95.00000000000011,-0.036241559531530194,1,-133.54545454545664,-146.8999999999973,13
C,Best prior single model,Open,1.25,8,2383,1203,1180,36,0.5048258497691985,0.4847597845875035,0.5248763806276495,-86.36363636363642,-0.03624155953153018,-95.00000000000011,-0.036241559531530194,1,-133.54545454545664,-146.8999999999973,13
C,Best prior single model,Open,1.5,8,2383,1203,1180,36,0.5048258497691985,0.4847597845875035,0.5248763806276495,-86.36363636363642,-0.03624155953153018,-95.00000000000011,-0.036241559531530194,1,-133.54545454545664,-146.8999999999973,13
C,Best prior single model,Open,1.75,8,2383,1203,1180,36,0.5048258497691985,0.4847597845875035,0.5248763806276495,-86.36363636363642,-0.03624155953153018,-95.00000000000011,-0.036241559531530194,1,-133.54545454545664,-146.8999999999973,13
C,Best prior single model,Open,2.0,8,2383,1203,1180,36,0.5048258497691985,0.4847597845875035,0.5248763806276495,-86.36363636363642,-0.03624155953153018,-95.00000000000011,-0.036241559531530194,1,-133.54545454545664,-146.8999999999973,13
D,Top-N diversified model consensus,Open,0.0,8,2390,1195,1195,36,0.5,0.47997011892318087,0.5200298810768191,-108.6363636363637,-0.04545454545454548,-119.50000000000011,-0.0454545454545455,2,-131.54545454545703,-144.69999999999732,9
D,Top-N diversified model consensus,Open,0.25,8,1985,976,1009,30,0.49168765743073045,0.4697318914362143,0.5136755352789147,-121.72727272727278,-0.06132356308678729,-133.90000000000012,-0.061323563086787325,2,-140.45454545454749,-154.4999999999971,9
D,Top-N diversified model consensus,Open,0.5,8,1587,790,797,25,0.49779458097038437,0.4732297236405919,0.5223700896909177,-78.81818181818186,-0.049664890874720764,-86.70000000000007,-0.049664890874720785,2,-100.81818181818313,-110.89999999999988,9
D,Top-N diversified model consensus,Open,0.75,8,1172,596,576,19,0.5085324232081911,0.47992938972582017,0.537079704016058,-34.18181818181819,-0.029165373875271492,-37.60000000000005,-0.029165373875271523,3,-60.18181818181824,-66.20000000000036,9
D,Top-N diversified model consensus,Open,1.0,8,874,447,427,15,0.511441647597254,0.47832381832861476,0.5444593352608256,-20.636363636363654,-0.02361140004160601,-22.700000000000045,-0.023611400041606036,2,-50.09090909090917,-55.10000000000008,9
D,Top-N diversified model consensus,Open,1.25,8,658,333,325,9,0.506079027355623,0.4679532020899475,0.5441342822869788,-22.272727272727284,-0.033849129593810465,-24.50000000000003,-0.03384912959381048,4,-46.45454545454546,-51.10000000000005,8
D,Top-N diversified model consensus,Open,1.5,8,522,265,257,7,0.5076628352490421,0.46487537007577584,0.5503383368656299,-16.090909090909093,-0.030825496342737728,-17.700000000000017,-0.03082549634273775,3,-40.45454545454548,-44.500000000000014,10
D,Top-N diversified model consensus,Open,1.75,8,430,226,204,5,0.5255813953488372,0.47836585808221443,0.5723438940485172,1.4545454545454461,0.003382663847780107,1.59999999999998,0.0033826638477800846,5,-28.818181818181838,-31.69999999999999,9
D,Top-N diversified model consensus,Open,2.0,8,364,193,171,4,0.5302197802197802,0.478899582687482,0.5809087696032866,4.454545454545447,0.012237762237762217,4.899999999999977,0.01223776223776218,4,-26.181818181818187,-28.800000000000004,8
E,Exact combinations → Top-50 → META,Open,0.0,8,2124,1052,1072,36,0.4952919020715631,0.4740563572561255,0.5165444468638805,-115.63636363636367,-0.05444273240883412,-127.20000000000009,-0.05444273240883414,1,-143.63636363636564,-157.99999999999704,10
E,Exact combinations → Top-50 → META,Open,0.25,8,1658,837,821,32,0.5048250904704463,0.480775230517745,0.5288526425599298,-60.09090909090914,-0.03624300910187524,-66.1000000000001,-0.03624300910187525,3,-87.54545454545527,-96.30000000000041,11
E,Exact combinations → Top-50 → META,Open,0.5,8,1215,607,608,23,0.49958847736625517,0.4715191356978885,0.527660413145866,-56.18181818181819,-0.04624017957351291,-61.800000000000054,-0.046240179573512945,2,-79.90909090909129,-87.90000000000032,9
E,Exact combinations → Top-50 → META,Open,0.75,8,886,438,448,16,0.49435665914221216,0.46153050770850806,0.5272315371318319,-49.818181818181834,-0.05622819618304947,-54.80000000000004,-0.05622819618304949,3,-78.09090909090949,-85.90000000000032,8
E,Exact combinations → Top-50 → META,Open,1.0,8,599,307,292,13,0.5125208681135225,0.47253958809356555,0.5523425700056764,-12.90909090909092,-0.02155106996509336,-14.200000000000024,-0.021551069965093372,3,-42.18181818181819,-46.400000000000034,6
E,Exact combinations → Top-50 → META,Open,1.25,8,416,214,202,9,0.5144230769230769,0.46648270152430116,0.5620995066227714,-7.454545454545466,-0.017919580419580448,-8.200000000000017,-0.017919580419580455,5,-30.63636363636362,-33.700000000000024,7
E,Exact combinations → Top-50 → META,Open,1.5,8,245,124,121,7,0.5061224489795918,0.4439077768512666,0.5681480851910928,-8.272727272727277,-0.033766233766233784,-9.100000000000007,-0.03376623376623379,4,-24.454545454545464,-26.9,7
E,Exact combinations → Top-50 → META,Open,1.75,8,157,80,77,3,0.5095541401273885,0.43206687534464494,0.5865850157084159,-4.272727272727277,-0.02721482339316737,-4.700000000000006,-0.027214823393167376,4,-18.0909090909091,-19.899999999999995,6
E,Exact combinations → Top-50 → META,Open,2.0,8,95,52,43,2,0.5473684210526316,0.4473808701274312,0.6436739084273474,4.272727272727272,0.04497607655502391,4.699999999999996,0.04497607655502388,5,-8.999999999999998,-9.9,7
