ranking_method,top_n,top_n_label,line_reference,edge_cutoff_points,bets,wins,losses,pushes,ats_pct,wilson_low,wilson_high,units_flat,roi_flat,profitable_folds
incremental,3,3,Close (PT Updated/final),0.0,1553,751,802,39,0.48358016741790083,0.45879677749213355,0.5084445911866068,-119.27272727272725,-0.07680149856582566,0
incremental,3,3,Close (PT Updated/final),0.5,890,424,466,24,0.4764044943820225,0.4437632599048878,0.5092485488988198,-80.54545454545456,-0.09050051072522984,2
incremental,3,3,Close (PT Updated/final),1.0,478,218,260,16,0.4560669456066946,0.41194339415638526,0.5008910310987194,-61.81818181818181,-0.12932674020540127,2
incremental,3,3,Close (PT Updated/final),1.5,342,156,186,11,0.45614035087719296,0.40413122719092687,0.5091238583742567,-44.18181818181819,-0.1291866028708134,1
incremental,3,3,Close (PT Updated/final),2.0,225,106,119,6,0.4711111111111111,0.40691984472825826,0.5362723021541266,-22.63636363636364,-0.10060606060606063,1
incremental,3,3,Close (PT Updated/final),3.0,81,37,44,2,0.4567901234567901,0.352731535009501,0.564761770161547,-10.363636363636367,-0.12794612794612797,1
incremental,3,3,Close (PT Updated/final),4.0,20,11,9,0,0.55,0.3420820083075997,0.7418049791429071,1.0,0.05,1
incremental,3,3,Midweek,0.0,1564,754,810,28,0.4820971867007673,0.4574068969870429,0.5068752090624458,-124.54545454545462,-0.07963264357126254,0
incremental,3,3,Midweek,0.5,962,468,494,21,0.4864864864864865,0.45501814066510926,0.5180623313294705,-68.54545454545456,-0.07125307125307127,2
incremental,3,3,Midweek,1.0,521,251,270,15,0.4817658349328215,0.4391503870787917,0.5246482142515906,-41.81818181818181,-0.08026522421915895,2
incremental,3,3,Midweek,1.5,374,174,200,9,0.46524064171123,0.4152984555955926,0.5158896401567016,-41.81818181818181,-0.11181332036947009,1
incremental,3,3,Midweek,2.0,237,118,119,6,0.4978902953586498,0.4347763946509493,0.5610714987362396,-11.727272727272734,-0.049482163406214065,0
incremental,3,3,Midweek,3.0,55,28,27,0,0.509090909090909,0.38076038407484447,0.636234395128984,-1.5454545454545467,-0.02809917355371903,2
incremental,3,3,Midweek,4.0,19,11,8,0,0.5789473684210527,0.36275551465160105,0.7685837960796962,2.0,0.10526315789473684,1
incremental,3,3,Open,0.0,1690,859,831,28,0.508284023668639,0.4844568363217774,0.532073635004467,-50.09090909090912,-0.029639591178052736,2
incremental,3,3,Open,0.5,911,461,450,10,0.5060373216245884,0.47361371657189666,0.538410222872921,-30.909090909090935,-0.033928749625785876,4
incremental,3,3,Open,1.0,464,225,239,6,0.4849137931034483,0.43974994563710923,0.5303253961024881,-34.45454545454547,-0.07425548589341696,2
incremental,3,3,Open,1.5,228,117,111,3,0.5131578947368421,0.44859966204806634,0.5772800765320678,-4.63636363636364,-0.020334928229665088,4
incremental,3,3,Open,2.0,114,65,49,2,0.5701754385964912,0.4784751206157115,0.6573003610478098,10.090909090909086,0.08851674641148322,5
incremental,3,3,Open,3.0,21,12,9,0,0.5714285714285714,0.3654621629703244,0.7553030051347894,1.9090909090909083,0.09090909090909087,3
incremental,3,3,Open,4.0,3,2,1,0,0.6666666666666666,0.2076549551264879,0.9385096847238394,0.8181818181818181,0.2727272727272727,1
incremental,5,5,Close (PT Updated/final),0.0,1775,870,905,44,0.49014084507042255,0.46693085513944416,0.5133934188150214,-114.09090909090912,-0.06427656850192064,1
incremental,5,5,Close (PT Updated/final),0.5,587,285,302,12,0.4855195911413969,0.44531332596284184,0.525914157003828,-42.909090909090935,-0.07309896236642408,2
incremental,5,5,Close (PT Updated/final),1.0,165,70,95,5,0.42424242424242425,0.3513969481824643,0.5005352770511273,-31.363636363636367,-0.1900826446280992,1
incremental,5,5,Close (PT Updated/final),1.5,60,19,41,3,0.31666666666666665,0.21305705841174333,0.4423400494301654,-23.727272727272727,-0.39545454545454545,0
incremental,5,5,Close (PT Updated/final),2.0,25,10,15,0,0.4,0.23403057664190918,0.5926087221487266,-5.90909090909091,-0.23636363636363641,0
incremental,5,5,Close (PT Updated/final),3.0,3,2,1,0,0.6666666666666666,0.2076549551264879,0.9385096847238394,0.8181818181818181,0.2727272727272727,1
incremental,5,5,Close (PT Updated/final),4.0,1,0,1,0,0.0,0.0,0.7934567085261071,-1.0,-1.0,0
incremental,5,5,Midweek,0.0,2014,1027,987,38,0.5099304865938431,0.48809950333617597,0.5317236582043533,-53.363636363636374,-0.026496343775390455,3
incremental,5,5,Midweek,0.5,618,315,303,14,0.5097087378640777,0.47035669863320173,0.5489408202204742,-16.636363636363626,-0.026919682259488067,3
incremental,5,5,Midweek,1.0,167,85,82,5,0.5089820359281437,0.433814682303871,0.5837454435671113,-4.727272727272734,-0.028307022318998405,4
incremental,5,5,Midweek,1.5,68,36,32,2,0.5294117647058824,0.4124071581374707,0.643270889122056,0.7272727272727266,0.010695187165775392,3
incremental,5,5,Midweek,2.0,28,15,13,1,0.5357142857142857,0.3581239514210167,0.7046869626034041,0.6363636363636367,0.02272727272727274,2
incremental,5,5,Midweek,3.0,3,3,0,0,1.0,0.43849391955098227,1.0,2.727272727272727,0.9090909090909091,2
incremental,5,5,Midweek,4.0,1,1,0,0,1.0,0.20654329147389294,1.0,0.9090909090909091,0.9090909090909091,1
incremental,5,5,Open,0.0,2156,1076,1080,34,0.49907235621521334,0.47798702652762226,0.5201609858080972,-101.81818181818187,-0.047225501770956343,2
incremental,5,5,Open,0.5,1217,612,605,19,0.5028759244042728,0.4748196913797841,0.5309140581910038,-48.636363636363626,-0.039964144319115553,2
incremental,5,5,Open,1.0,605,322,283,10,0.5322314049586777,0.49239335012729646,0.5716627196287781,9.727272727272691,0.016078136739293706,6
incremental,5,5,Open,1.5,265,143,122,4,0.539622641509434,0.47947247629214934,0.5986404348049428,8.0,0.03018867924528302,4
incremental,5,5,Open,2.0,115,61,54,2,0.5304347826086957,0.43971596277968295,0.6191859705500602,1.4545454545454533,0.012648221343873507,3
incremental,5,5,Open,3.0,14,8,6,1,0.5714285714285714,0.3259026690286936,0.7861949006959948,1.2727272727272725,0.0909090909090909,3
incremental,5,5,Open,4.0,3,1,2,0,0.3333333333333333,0.0614903152761605,0.7923450448735121,-1.0909090909090908,-0.3636363636363636,1
incremental,8,8,Close (PT Updated/final),0.0,2374,1176,1198,52,0.4953664700926706,0.47527766098277857,0.5154702509050443,-128.909090909091,-0.05430037527762889,0
incremental,8,8,Close (PT Updated/final),0.5,585,299,286,13,0.5111111111111111,0.4706629028362382,0.5514143417062668,-14.181818181818187,-0.024242424242424253,4
incremental,8,8,Close (PT Updated/final),1.0,101,44,57,4,0.43564356435643564,0.34305812093331606,0.5329452975570541,-17.0,-0.16831683168316833,3
incremental,8,8,Close (PT Updated/final),1.5,16,7,9,1,0.4375,0.2309836333518552,0.6682180439322347,-2.6363636363636367,-0.1647727272727273,1
incremental,8,8,Close (PT Updated/final),2.0,2,2,0,0,1.0,0.34237195288961925,1.0,1.8181818181818181,0.9090909090909091,2
incremental,8,8,Close (PT Updated/final),3.0,0,0,0,0,,,,0.0,,0
incremental,8,8,Close (PT Updated/final),4.0,0,0,0,0,,,,0.0,,0
incremental,8,8,Midweek,0.0,2382,1217,1165,44,0.5109151973131822,0.4908389614693742,0.5309562826071814,-58.63636363636374,-0.024616441493015843,1
incremental,8,8,Midweek,0.5,786,397,389,15,0.5050890585241731,0.4701957726883807,0.5399328404411379,-28.090909090909122,-0.035739070090215166,2
incremental,8,8,Midweek,1.0,184,89,95,4,0.483695652173913,0.41256237000304147,0.5554958237091076,-14.090909090909093,-0.0765810276679842,2
incremental,8,8,Midweek,1.5,23,12,11,1,0.5217391304347826,0.3296242986421849,0.7076313046005427,-0.09090909090909172,-0.00395256916996051,3
incremental,8,8,Midweek,2.0,1,1,0,1,1.0,0.20654329147389294,1.0,0.9090909090909091,0.9090909090909091,1
incremental,8,8,Midweek,3.0,1,1,0,0,1.0,0.20654329147389294,1.0,0.9090909090909091,0.9090909090909091,1
incremental,8,8,Midweek,4.0,1,1,0,0,1.0,0.20654329147389294,1.0,0.9090909090909091,0.9090909090909091,1
incremental,8,8,Open,0.0,2274,1155,1119,34,0.5079155672823219,0.48737122351208695,0.5284332117041283,-69.0,-0.030343007915567283,2
incremental,8,8,Open,0.5,1310,664,646,17,0.5068702290076336,0.4798159304120846,0.5338843512657068,-42.363636363636374,-0.03233865371269952,3
incremental,8,8,Open,1.0,644,341,303,11,0.5295031055900621,0.49089210313657106,0.5677642103820421,7.0,0.010869565217391304,5
incremental,8,8,Open,1.5,277,146,131,8,0.5270758122743683,0.4683116915620091,0.5850991991322473,1.7272727272727195,0.006235641614702959,4
incremental,8,8,Open,2.0,133,71,62,2,0.5338345864661654,0.44929587361127976,0.6164735999990845,2.5454545454545467,0.019138755980861254,5
incremental,8,8,Open,3.0,21,13,8,1,0.6190476190476191,0.40878295815501514,0.7924923220201749,3.8181818181818183,0.18181818181818182,5
incremental,8,8,Open,4.0,2,1,1,0,0.5,0.09452865480086614,0.9054713451991339,-0.09090909090909094,-0.04545454545454547,1
incremental,10,10,Close (PT Updated/final),0.0,2374,1189,1185,52,0.5008424599831508,0.4807439708594603,0.5209382269791174,-104.09090909090924,-0.043846212759439444,2
incremental,10,10,Close (PT Updated/final),0.5,581,293,288,12,0.504302925989673,0.46375265256105846,0.5447966708796816,-21.636363636363626,-0.037239868565169754,3
incremental,10,10,Close (PT Updated/final),1.0,92,44,48,2,0.4782608695652174,0.3791196487621324,0.5791448209462197,-8.0,-0.08695652173913043,2
incremental,10,10,Close (PT Updated/final),1.5,11,5,6,1,0.45454545454545453,0.21270957543988045,0.7199122443100118,-1.454545454545455,-0.13223140495867772,2
incremental,10,10,Close (PT Updated/final),2.0,1,1,0,0,1.0,0.20654329147389294,1.0,0.9090909090909091,0.9090909090909091,1
incremental,10,10,Close (PT Updated/final),3.0,0,0,0,0,,,,0.0,,0
incremental,10,10,Close (PT Updated/final),4.0,0,0,0,0,,,,0.0,,0
incremental,10,10,Midweek,0.0,2382,1215,1167,44,0.5100755667506297,0.489999976618704,0.5301187102211935,-62.454545454545496,-0.026219372566979638,2
incremental,10,10,Midweek,0.5,779,401,378,15,0.5147625160462131,0.47967938174029573,0.5497007636173349,-13.454545454545439,-0.01727156027541135,4
incremental,10,10,Midweek,1.0,160,76,84,5,0.475,0.39911756557967737,0.5520547862528241,-14.909090909090907,-0.09318181818181817,2
incremental,10,10,Midweek,1.5,23,12,11,1,0.5217391304347826,0.3296242986421849,0.7076313046005427,-0.09090909090909172,-0.00395256916996051,1
incremental,10,10,Midweek,2.0,2,1,1,1,0.5,0.09452865480086614,0.9054713451991339,-0.09090909090909094,-0.04545454545454547,1
incremental,10,10,Midweek,3.0,1,1,0,0,1.0,0.20654329147389294,1.0,0.9090909090909091,0.9090909090909091,1
incremental,10,10,Midweek,4.0,1,1,0,0,1.0,0.20654329147389294,1.0,0.9090909090909091,0.9090909090909091,1
incremental,10,10,Open,0.0,2390,1205,1185,36,0.50418410041841,0.48414820496278077,0.5242065667146769,-89.5454545454545,-0.03746671738303536,1
incremental,10,10,Open,0.5,1394,721,673,19,0.5172166427546628,0.49097301318679254,0.5433656414933944,-17.545454545454618,-0.01258640928655281,2
incremental,10,10,Open,1.0,682,358,324,13,0.5249266862170088,0.4874124404121649,0.5621616886578711,1.454545454545439,0.002132764596107682,5
incremental,10,10,Open,1.5,299,163,136,8,0.5451505016722408,0.48849065520256707,0.6006648637221778,12.181818181818187,0.040741866828823366,4
incremental,10,10,Open,2.0,136,79,57,3,0.5808823529411765,0.4968497142013443,0.660471140251122,14.818181818181813,0.10895721925133686,7
incremental,10,10,Open,3.0,19,10,9,1,0.5263157894736842,0.31707482511825114,0.7267049451255145,0.09090909090908994,0.00478468899521526,3
incremental,10,10,Open,4.0,3,2,1,0,0.6666666666666666,0.2076549551264879,0.9385096847238394,0.8181818181818181,0.2727272727272727,1
incremental,15,15,Close (PT Updated/final),0.0,2374,1214,1160,52,0.5113732097725358,0.49126287027045673,0.5314468005503414,-56.36363636363649,-0.023742054070613517,3
incremental,15,15,Close (PT Updated/final),0.5,504,244,260,10,0.48412698412698413,0.4407815602995718,0.5277125528254656,-38.18181818181819,-0.07575757575757577,3
incremental,15,15,Close (PT Updated/final),1.0,65,30,35,1,0.46153846153846156,0.34590137149936684,0.5814681260137647,-7.727272727272727,-0.11888111888111887,4
incremental,15,15,Close (PT Updated/final),1.5,8,5,3,0,0.625,0.30573785458380187,0.863158240538479,1.545454545454545,0.19318181818181812,3
incremental,15,15,Close (PT Updated/final),2.0,0,0,0,0,,,,0.0,,0
incremental,15,15,Close (PT Updated/final),3.0,0,0,0,0,,,,0.0,,0
incremental,15,15,Close (PT Updated/final),4.0,0,0,0,0,,,,0.0,,0
incremental,15,15,Midweek,0.0,2382,1218,1164,44,0.5113350125944585,0.4912584750917614,0.5313750476031234,-56.72727272727275,-0.0238149759560339,1
incremental,15,15,Midweek,0.5,681,339,342,12,0.4977973568281938,0.46036186852434674,0.5352575564638549,-33.81818181818181,-0.049659591509811765,2
incremental,15,15,Midweek,1.0,111,44,67,2,0.3963963963963964,0.31033119486484406,0.48939294690956525,-27.0,-0.24324324324324326,0
incremental,15,15,Midweek,1.5,13,6,7,1,0.46153846153846156,0.2320575430148814,0.7085656756816796,-1.5454545454545459,-0.11888111888111891,2
incremental,15,15,Midweek,2.0,2,1,1,0,0.5,0.09452865480086614,0.9054713451991339,-0.09090909090909094,-0.04545454545454547,1
incremental,15,15,Midweek,3.0,1,1,0,0,1.0,0.20654329147389294,1.0,0.9090909090909091,0.9090909090909091,1
incremental,15,15,Midweek,4.0,1,1,0,0,1.0,0.20654329147389294,1.0,0.9090909090909091,0.9090909090909091,1
incremental,15,15,Open,0.0,2390,1202,1188,36,0.502928870292887,0.48289463210565936,0.5229537080685611,-95.27272727272725,-0.03986306580448839,2
incremental,15,15,Open,0.5,1355,698,657,18,0.5151291512915129,0.488513212400474,0.541659546514178,-22.454545454545496,-0.01657162026165719,2
incremental,15,15,Open,1.0,616,318,298,13,0.5162337662337663,0.4767910020745796,0.5554753059628288,-8.909090909090935,-0.014462809917355414,4
incremental,15,15,Open,1.5,269,150,119,6,0.5576208178438662,0.4978697056075016,0.6157493319586174,17.363636363636346,0.06454883406556262,7
incremental,15,15,Open,2.0,100,57,43,4,0.57,0.4721521169586435,0.6626686099947162,8.818181818181813,0.08818181818181813,4
incremental,15,15,Open,3.0,14,9,5,1,0.6428571428571429,0.3876400468214042,0.8365550926279727,3.1818181818181817,0.22727272727272727,2
incremental,15,15,Open,4.0,2,1,1,0,0.5,0.09452865480086614,0.9054713451991339,-0.09090909090909094,-0.04545454545454547,1
incremental,20,20,Close (PT Updated/final),0.0,2374,1226,1148,52,0.5164279696714406,0.49631510534776985,0.5364877525044941,-33.454545454545496,-0.01409205789997704,3
incremental,20,20,Close (PT Updated/final),0.5,375,182,193,6,0.48533333333333334,0.4351537640468415,0.5358103539380894,-27.54545454545456,-0.0734545454545455,2
incremental,20,20,Close (PT Updated/final),1.0,60,27,33,1,0.45,0.33093453853760824,0.575082854510185,-8.454545454545457,-0.14090909090909096,2
incremental,20,20,Close (PT Updated/final),1.5,5,2,3,0,0.4,0.1176182311592533,0.769280067791163,-1.1818181818181819,-0.2363636363636364,0
incremental,20,20,Close (PT Updated/final),2.0,1,0,1,0,0.0,0.0,0.7934567085261071,-1.0,-1.0,0
incremental,20,20,Close (PT Updated/final),3.0,0,0,0,0,,,,0.0,,0
incremental,20,20,Close (PT Updated/final),4.0,0,0,0,0,,,,0.0,,0
incremental,20,20,Midweek,0.0,2382,1207,1175,44,0.5067170445004198,0.48664460236896595,0.5267678555242988,-77.72727272727275,-0.032631096862834906,1
incremental,20,20,Midweek,0.5,516,261,255,9,0.5058139534883721,0.4627914831172999,0.5487504942850474,-17.727272727272748,-0.034355179704016955,2
incremental,20,20,Midweek,1.0,73,35,38,1,0.4794520547945205,0.36877263024700824,0.592186017152317,-6.181818181818183,-0.08468244084682443,3
incremental,20,20,Midweek,1.5,6,3,3,1,0.5,0.18761280689940868,0.8123871931005913,-0.27272727272727293,-0.04545454545454549,1
incremental,20,20,Midweek,2.0,2,1,1,0,0.5,0.09452865480086614,0.9054713451991339,-0.09090909090909094,-0.04545454545454547,1
incremental,20,20,Midweek,3.0,1,1,0,0,1.0,0.20654329147389294,1.0,0.9090909090909091,0.9090909090909091,1
incremental,20,20,Midweek,4.0,1,1,0,0,1.0,0.20654329147389294,1.0,0.9090909090909091,0.9090909090909091,1
incremental,20,20,Open,0.0,2390,1205,1185,36,0.50418410041841,0.48414820496278077,0.5242065667146769,-89.5454545454545,-0.03746671738303536,2
incremental,20,20,Open,0.5,1287,669,618,19,0.5198135198135199,0.49249935471113565,0.5470097531453204,-9.81818181818187,-0.007628734901462215,3
incremental,20,20,Open,1.0,525,266,259,8,0.5066666666666667,0.4640069231555616,0.5492295544589075,-17.181818181818187,-0.03272727272727274,3
incremental,20,20,Open,1.5,201,103,98,6,0.5124378109452736,0.4437527154481212,0.5806563889525475,-4.36363636363636,-0.02170963364993214,4
incremental,20,20,Open,2.0,76,46,30,2,0.6052631578947368,0.4928609075804977,0.7075358780550607,11.81818181818182,0.15550239234449764,5
incremental,20,20,Open,3.0,7,3,4,0,0.42857142857142855,0.15821692226262685,0.7495457695909742,-1.272727272727273,-0.18181818181818185,1
incremental,20,20,Open,4.0,1,0,1,0,0.0,0.0,0.7934567085261071,-1.0,-1.0,0
incremental,25,25,Close (PT Updated/final),0.0,2374,1228,1146,52,0.5172704296545914,0.4971573441688663,0.5373277115219752,-29.63636363636374,-0.012483725204870995,3
incremental,25,25,Close (PT Updated/final),0.5,383,183,200,7,0.47780678851174935,0.42824940361576425,0.527804960754562,-33.636363636363654,-0.08782340375029675,1
incremental,25,25,Close (PT Updated/final),1.0,65,33,32,1,0.5076923076923077,0.3891624609220664,0.6253636395753072,-2.0,-0.03076923076923077,3
incremental,25,25,Close (PT Updated/final),1.5,7,4,3,0,0.5714285714285714,0.2504542304090258,0.8417830777373732,0.6363636363636362,0.0909090909090909,1
incremental,25,25,Close (PT Updated/final),2.0,1,0,1,0,0.0,0.0,0.7934567085261071,-1.0,-1.0,0
incremental,25,25,Close (PT Updated/final),3.0,0,0,0,0,,,,0.0,,0
incremental,25,25,Close (PT Updated/final),4.0,0,0,0,0,,,,0.0,,0
incremental,25,25,Midweek,0.0,2382,1212,1170,44,0.5088161209068011,0.4887416053169892,0.5288622456679212,-68.18181818181824,-0.028623769177925376,0
incremental,25,25,Midweek,0.5,439,212,227,7,0.48291571753986334,0.43652134682334176,0.5296064966312931,-34.27272727272728,-0.07806999378753367,1
incremental,25,25,Midweek,1.0,70,35,35,2,0.5,0.3859551898733622,0.6140448101266378,-3.1818181818181834,-0.04545454545454548,3
incremental,25,25,Midweek,1.5,6,3,3,0,0.5,0.18761280689940868,0.8123871931005913,-0.27272727272727293,-0.04545454545454549,1
incremental,25,25,Midweek,2.0,2,1,1,0,0.5,0.09452865480086614,0.9054713451991339,-0.09090909090909094,-0.04545454545454547,1
incremental,25,25,Midweek,3.0,1,1,0,0,1.0,0.20654329147389294,1.0,0.9090909090909091,0.9090909090909091,1
incremental,25,25,Midweek,4.0,1,1,0,0,1.0,0.20654329147389294,1.0,0.9090909090909091,0.9090909090909091,1
incremental,25,25,Open,0.0,2390,1207,1183,36,0.505020920502092,0.48498399022666466,0.5250417357862847,-85.72727272727275,-0.03586915176873337,1
incremental,25,25,Open,0.5,1168,596,572,18,0.5102739726027398,0.4816182760104596,0.5388623077134841,-30.181818181818244,-0.025840597758406032,1
incremental,25,25,Open,1.0,423,211,212,6,0.4988179669030733,0.4513944136783958,0.5462627968652812,-20.181818181818187,-0.04771115409413283,3
incremental,25,25,Open,1.5,142,78,64,3,0.5492957746478874,0.4672327915920091,0.628761766887876,6.9090909090909065,0.04865556978233033,5
incremental,25,25,Open,2.0,43,28,15,1,0.6511627906976745,0.501715070970981,0.775816012510369,10.454545454545453,0.2431289640591966,6
incremental,25,25,Open,3.0,2,0,2,0,0.0,0.0,0.6576280471103807,-2.0,-1.0,0
incremental,25,25,Open,4.0,0,0,0,0,,,,0.0,,0
incremental,35,35,Close (PT Updated/final),0.0,2374,1192,1182,52,0.502106149957877,0.48200576876638557,0.5221997258300585,-98.36363636363649,-0.04143371371678033,0
incremental,35,35,Close (PT Updated/final),0.5,469,240,229,8,0.511727078891258,0.46657610423298984,0.5566875003229546,-10.818181818181813,-0.023066485753052906,4
incremental,35,35,Close (PT Updated/final),1.0,88,46,42,2,0.5227272727272727,0.4196177626380677,0.6239354855631831,-0.18181818181817988,-0.0020661157024793168,2
incremental,35,35,Close (PT Updated/final),1.5,12,8,4,0,0.6666666666666666,0.3906175873976139,0.8618821601026385,3.2727272727272725,0.2727272727272727,1
incremental,35,35,Close (PT Updated/final),2.0,1,0,1,0,0.0,0.0,0.7934567085261071,-1.0,-1.0,0
incremental,35,35,Close (PT Updated/final),3.0,0,0,0,0,,,,0.0,,0
incremental,35,35,Close (PT Updated/final),4.0,0,0,0,0,,,,0.0,,0
incremental,35,35,Midweek,0.0,2382,1226,1156,44,0.5146935348446684,0.4946150929104696,0.5347246587310476,-41.454545454545496,-0.01740325166017863,2
incremental,35,35,Midweek,0.5,423,213,210,5,0.5035460992907801,0.4560810434673578,0.5509473249016109,-16.363636363636374,-0.03868471953578339,1
incremental,35,35,Midweek,1.0,80,41,39,3,0.5125,0.4049314460370689,0.6189230605563166,-1.7272727272727266,-0.021590909090909084,2
incremental,35,35,Midweek,1.5,12,8,4,1,0.6666666666666666,0.3906175873976139,0.8618821601026385,3.2727272727272725,0.2727272727272727,3
incremental,35,35,Midweek,2.0,2,1,1,0,0.5,0.09452865480086614,0.9054713451991339,-0.09090909090909094,-0.04545454545454547,1
incremental,35,35,Midweek,3.0,1,1,0,0,1.0,0.20654329147389294,1.0,0.9090909090909091,0.9090909090909091,1
incremental,35,35,Midweek,4.0,1,1,0,0,1.0,0.20654329147389294,1.0,0.9090909090909091,0.9090909090909091,1
incremental,35,35,Open,0.0,2390,1199,1191,36,0.501673640167364,0.4816411852891669,0.5217007233818163,-101.0,-0.04225941422594142,1
incremental,35,35,Open,0.5,849,434,415,13,0.5111896348645465,0.4775899212006126,0.5446885417636705,-20.454545454545496,-0.024092515258593045,2
incremental,35,35,Open,1.0,192,97,95,3,0.5052083333333334,0.4350815894143847,0.5751307454521606,-6.818181818181827,-0.03551136363636368,3
incremental,35,35,Open,1.5,44,24,20,0,0.5454545454545454,0.4006593217065349,0.6829499221314639,1.8181818181818166,0.04132231404958674,3
incremental,35,35,Open,2.0,7,5,2,0,0.7142857142857143,0.35892909014821267,0.9177828342909844,2.545454545454545,0.3636363636363636,3
incremental,35,35,Open,3.0,0,0,0,0,,,,0.0,,0
incremental,35,35,Open,4.0,0,0,0,0,,,,0.0,,0
incremental,999,All,Close (PT Updated/final),0.0,2374,1195,1179,52,0.5033698399326032,0.483267694843113,0.5234610965111977,-92.63636363636374,-0.0390212146741212,1
incremental,999,All,Close (PT Updated/final),0.5,855,437,418,18,0.5111111111111111,0.4776293801773442,0.5444934420054656,-20.727272727272748,-0.024242424242424267,3
incremental,999,All,Close (PT Updated/final),1.0,274,151,123,5,0.551094890510949,0.49189869711839995,0.6088781483935753,14.27272727272728,0.05209024552090248,5
incremental,999,All,Close (PT Updated/final),1.5,62,37,25,1,0.5967741935483871,0.4725024243632989,0.7097531708834752,8.636363636363633,0.13929618768328442,4
incremental,999,All,Close (PT Updated/final),2.0,15,10,5,0,0.6666666666666666,0.41713125151212976,0.8482389930530876,4.09090909090909,0.27272727272727265,2
incremental,999,All,Close (PT Updated/final),3.0,2,0,2,0,0.0,0.0,0.6576280471103807,-2.0,-1.0,0
incremental,999,All,Close (PT Updated/final),4.0,0,0,0,0,,,,0.0,,0
incremental,999,All,Midweek,0.0,2382,1197,1185,44,0.5025188916876574,0.4824516558286754,0.5225780158812989,-96.81818181818176,-0.04064575223265397,2
incremental,999,All,Midweek,0.5,799,405,394,12,0.5068836045056321,0.47226706816726516,0.5414342646983961,-25.818181818181813,-0.0323131186710661,2
incremental,999,All,Midweek,1.0,240,127,113,2,0.5291666666666667,0.46605389791998963,0.5913604235083475,2.4545454545454533,0.010227272727272722,3
incremental,999,All,Midweek,1.5,49,27,22,1,0.5510204081632653,0.41314866799678107,0.6814737507036366,2.545454545454543,0.0519480519480519,2
incremental,999,All,Midweek,2.0,17,12,5,0,0.7058823529411765,0.468664666737861,0.8672020613444361,5.909090909090908,0.3475935828877005,2
incremental,999,All,Midweek,3.0,2,0,2,0,0.0,0.0,0.6576280471103807,-2.0,-1.0,0
incremental,999,All,Midweek,4.0,1,0,1,0,0.0,0.0,0.7934567085261071,-1.0,-1.0,0
incremental,999,All,Open,0.0,2390,1212,1178,36,0.507112970711297,0.48707369849639315,0.5271294133552847,-76.18181818181824,-0.031875237732978345,1
incremental,999,All,Open,0.5,111,56,55,1,0.5045045045045045,0.4129089369409994,0.5957987090688087,-4.0909090909090935,-0.036855036855036875,2
incremental,999,All,Open,1.0,4,2,2,0,0.5,0.15003570882017148,0.8499642911798285,-0.18181818181818188,-0.04545454545454547,0
incremental,999,All,Open,1.5,1,1,0,0,1.0,0.20654329147389294,1.0,0.9090909090909091,0.9090909090909091,1
incremental,999,All,Open,2.0,0,0,0,0,,,,0.0,,0
incremental,999,All,Open,3.0,0,0,0,0,,,,0.0,,0
incremental,999,All,Open,4.0,0,0,0,0,,,,0.0,,0
mae,3,3,Close (PT Updated/final),0.0,1643,803,840,40,0.4887401095556908,0.46462342941431567,0.5129093217622395,-110.0,-0.06695069993913573,0
mae,3,3,Close (PT Updated/final),0.5,822,393,429,24,0.4781021897810219,0.4441347897248773,0.5122733156551375,-71.72727272727275,-0.08725945587259458,1
mae,3,3,Close (PT Updated/final),1.0,473,228,245,10,0.4820295983086681,0.43732456578559065,0.527024182310213,-37.72727272727275,-0.07976167595617917,1
mae,3,3,Close (PT Updated/final),1.5,287,141,146,6,0.4912891986062718,0.43394860250034123,0.5488599090743442,-17.818181818181813,-0.06208425720620841,1
mae,3,3,Close (PT Updated/final),2.0,209,103,106,3,0.49282296650717705,0.4257858257636524,0.5601191852868189,-12.36363636363636,-0.059156154849934736,1
mae,3,3,Close (PT Updated/final),3.0,113,60,53,1,0.5309734513274337,0.4394610519825767,0.6204491169983343,1.5454545454545467,0.013676588897827847,3
mae,3,3,Close (PT Updated/final),4.0,81,42,39,1,0.5185185185185185,0.4113545922111773,0.6240054198583734,-0.8181818181818201,-0.010101010101010124,1
mae,3,3,Midweek,0.0,1653,799,854,30,0.48336358136721114,0.459339385831992,0.5074649242481025,-127.63636363636363,-0.0772149810262333,0
mae,3,3,Midweek,0.5,813,388,425,13,0.47724477244772445,0.44309796709621685,0.511605613132802,-72.27272727272731,-0.08889634350888968,1
mae,3,3,Midweek,1.0,517,250,267,7,0.4835589941972921,0.4407622007950421,0.5265983172588155,-39.72727272727275,-0.07684192016880609,0
mae,3,3,Midweek,1.5,337,168,169,5,0.49851632047477745,0.44545096837124676,0.551615117458652,-16.27272727272728,-0.04828702454815217,2
mae,3,3,Midweek,2.0,246,118,128,5,0.4796747967479675,0.41803749225204756,0.5419371476798134,-20.727272727272734,-0.08425720620842575,0
mae,3,3,Midweek,3.0,139,71,68,4,0.5107913669064749,0.4285225853728892,0.5924796996757241,-3.4545454545454533,-0.024852844996729878,1
mae,3,3,Midweek,4.0,94,51,43,1,0.5425531914893617,0.44215267421960525,0.6396121374760334,3.3636363636363598,0.03578336557059957,2
mae,3,3,Open,0.0,1656,805,851,27,0.4861111111111111,0.46209821492404435,0.5101882972347062,-119.18181818181824,-0.071969696969697,1
mae,3,3,Open,0.5,1006,496,510,17,0.49304174950298213,0.4622322545074112,0.5239041851084653,-59.09090909090912,-0.05873847822157965,2
mae,3,3,Open,1.0,619,292,327,10,0.4717285945072698,0.4326975392459733,0.5111083979297065,-61.54545454545456,-0.09942722866793952,2
mae,3,3,Open,1.5,408,198,210,8,0.4852941176470588,0.43716156996040295,0.533701014101042,-30.0,-0.07352941176470588,2
mae,3,3,Open,2.0,282,141,141,6,0.5,0.44203533121547095,0.557964668784529,-12.818181818181813,-0.045454545454545435,3
mae,3,3,Open,3.0,146,75,71,3,0.5136986301369864,0.433317762545053,0.5933770938900093,-2.8181818181818272,-0.019302615193026215,2
mae,3,3,Open,4.0,84,42,42,2,0.5,0.39543750035009767,0.6045624996499024,-3.81818181818182,-0.04545454545454548,1
mae,5,5,Close (PT Updated/final),0.0,1830,926,904,45,0.5060109289617486,0.4831152904011983,0.5288813836845024,-62.181818181818244,-0.033979135618479914,2
mae,5,5,Close (PT Updated/final),0.5,586,297,289,16,0.5068259385665529,0.46643383904082913,0.547129124303906,-19.0,-0.032423208191126277,3
mae,5,5,Close (PT Updated/final),1.0,289,141,148,5,0.48788927335640137,0.4307970337939119,0.5452992585361396,-19.818181818181813,-0.06857502359232462,2
mae,5,5,Close (PT Updated/final),1.5,149,79,70,3,0.5302013422818792,0.4503139951876839,0.6085704969924556,1.818181818181813,0.012202562538132974,2
mae,5,5,Close (PT Updated/final),2.0,117,62,55,2,0.5299145299145299,0.43996887268203627,0.6179581987900395,1.3636363636363598,0.011655011655011621,1
mae,5,5,Close (PT Updated/final),3.0,76,43,33,1,0.5657894736842105,0.4538555158542199,0.671392475168004,6.090909090909086,0.0801435406698564,2
mae,5,5,Close (PT Updated/final),4.0,50,30,20,1,0.6,0.4618118910275937,0.7239181021375425,7.272727272727273,0.14545454545454548,1
mae,5,5,Midweek,0.0,1841,936,905,34,0.5084193373166758,0.4855886643996249,0.5312149462735084,-54.09090909090912,-0.029381265122710006,4
mae,5,5,Midweek,0.5,688,341,347,17,0.4956395348837209,0.4584068816719417,0.5329206129453232,-37.0,-0.05377906976744186,1
mae,5,5,Midweek,1.0,301,150,151,8,0.4983388704318937,0.44223089592076187,0.5544887119017927,-14.636363636363654,-0.04862579281183938,3
mae,5,5,Midweek,1.5,169,82,87,4,0.48520710059171596,0.4110256415729105,0.5600461374432522,-12.454545454545453,-0.07369553523399676,2
mae,5,5,Midweek,2.0,129,62,67,3,0.4806201550387597,0.3962152136207532,0.5661459744408179,-10.63636363636364,-0.08245243128964062,0
mae,5,5,Midweek,3.0,84,47,37,2,0.5595238095238095,0.4530690997323842,0.6607721782042654,5.727272727272727,0.06818181818181818,1
mae,5,5,Midweek,4.0,63,35,28,1,0.5555555555555556,0.43319420640871287,0.6715309946636732,3.8181818181818166,0.06060606060606058,1
mae,5,5,Open,0.0,1845,912,933,30,0.4943089430894309,0.4715305675905086,0.5171109688180188,-103.90909090909099,-0.05631929046563197,2
mae,5,5,Open,0.5,871,435,436,13,0.49942594718714123,0.46629544377108123,0.5325614921588061,-40.54545454545456,-0.04655046446091224,4
mae,5,5,Open,1.0,413,218,195,10,0.5278450363196125,0.47966229727600246,0.5755145372817767,3.181818181818187,0.00770416024653314,4
mae,5,5,Open,1.5,235,123,112,4,0.5234042553191489,0.45968425545691183,0.586371373043316,-0.18181818181818699,-0.0007736943907156893,3
mae,5,5,Open,2.0,148,79,69,2,0.5337837837837838,0.45357625226530063,0.6122818524965037,2.818181818181813,0.01904176904176901,4
mae,5,5,Open,3.0,82,44,38,1,0.5365853658536586,0.42944534622716574,0.6404508346455114,2.0,0.024390243902439025,2
mae,5,5,Open,4.0,54,32,22,0,0.5925925925925926,0.45966610248851525,0.7132198481075954,7.09090909090909,0.1313131313131313,1
mae,8,8,Close (PT Updated/final),0.0,2030,1011,1019,50,0.4980295566502463,0.4763030573326221,0.5197634996696539,-99.90909090909099,-0.04921630094043891,2
mae,8,8,Close (PT Updated/final),0.5,286,141,145,7,0.493006993006993,0.4355419304628945,0.5506574280832908,-16.818181818181813,-0.058804831532104244,3
mae,8,8,Close (PT Updated/final),1.0,47,24,23,0,0.5106382978723404,0.37242217589372884,0.6472467566339649,-1.1818181818181834,-0.02514506769825922,2
mae,8,8,Close (PT Updated/final),1.5,6,3,3,0,0.5,0.18761280689940868,0.8123871931005913,-0.27272727272727293,-0.04545454545454549,1
mae,8,8,Close (PT Updated/final),2.0,0,0,0,0,,,,0.0,,0
mae,8,8,Close (PT Updated/final),3.0,0,0,0,0,,,,0.0,,0
mae,8,8,Close (PT Updated/final),4.0,0,0,0,0,,,,0.0,,0
mae,8,8,Midweek,0.0,2041,1032,1009,39,0.5056344928956394,0.48395341834901356,0.527294396640666,-70.81818181818187,-0.034697786290143,1
mae,8,8,Midweek,0.5,356,181,175,8,0.5084269662921348,0.45668235921819805,0.559991644009889,-10.454545454545467,-0.02936670071501536,2
mae,8,8,Midweek,1.0,66,34,32,2,0.5151515151515151,0.39710384843935753,0.6315323798257452,-1.0909090909090935,-0.01652892561983475,4
mae,8,8,Midweek,1.5,8,4,4,1,0.5,0.21521252682444186,0.7847874731755582,-0.36363636363636376,-0.04545454545454547,2
mae,8,8,Midweek,2.0,0,0,0,0,,,,0.0,,0
mae,8,8,Midweek,3.0,0,0,0,0,,,,0.0,,0
mae,8,8,Midweek,4.0,0,0,0,0,,,,0.0,,0
mae,8,8,Open,0.0,2048,1030,1018,32,0.5029296875,0.48128970948630734,0.5245586951858663,-81.63636363636363,-0.03986150568181818,2
mae,8,8,Open,0.5,825,423,402,15,0.5127272727272727,0.47863920246626646,0.5466973636520365,-17.45454545454544,-0.02115702479338841,2
mae,8,8,Open,1.0,273,145,128,9,0.5311355311355311,0.4719168616236352,0.5894900945563609,3.818181818181813,0.013986013986013967,3
mae,8,8,Open,1.5,81,50,31,3,0.6172839506172839,0.508410467539316,0.7155362755678389,14.454545454545453,0.17845117845117844,6
mae,8,8,Open,2.0,23,16,7,1,0.6956521739130435,0.49133870939427393,0.8439617197902755,7.545454545454545,0.32806324110671936,4
mae,8,8,Open,3.0,1,0,1,0,0.0,0.0,0.7934567085261071,-1.0,-1.0,0
mae,8,8,Open,4.0,0,0,0,0,,,,0.0,,0
mae,10,10,Close (PT Updated/final),0.0,2272,1138,1134,51,0.5008802816901409,0.48033624411524994,0.521421347449998,-99.4545454545455,-0.043774007682458406,2
mae,10,10,Close (PT Updated/final),0.5,371,188,183,6,0.5067385444743935,0.45605635986993254,0.5572826078433628,-12.090909090909093,-0.03259005145797599,4
mae,10,10,Close (PT Updated/final),1.0,65,30,35,0,0.46153846153846156,0.34590137149936684,0.5814681260137647,-7.727272727272727,-0.11888111888111887,1
mae,10,10,Close (PT Updated/final),1.5,5,2,3,0,0.4,0.1176182311592533,0.769280067791163,-1.1818181818181819,-0.2363636363636364,0
mae,10,10,Close (PT Updated/final),2.0,1,1,0,0,1.0,0.20654329147389294,1.0,0.9090909090909091,0.9090909090909091,1
mae,10,10,Close (PT Updated/final),3.0,0,0,0,0,,,,0.0,,0
mae,10,10,Close (PT Updated/final),4.0,0,0,0,0,,,,0.0,,0
mae,10,10,Midweek,0.0,2281,1153,1128,42,0.505480052608505,0.4849699832562292,0.5259716942762528,-79.81818181818176,-0.03499262683830853,2
mae,10,10,Midweek,0.5,487,242,245,10,0.49691991786447637,0.4527109404942311,0.5411771081145258,-25.0,-0.0513347022587269,4
mae,10,10,Midweek,1.0,92,45,47,2,0.4891304347826087,0.38948537521624554,0.5896468596379305,-6.0909090909090935,-0.06620553359683798,2
mae,10,10,Midweek,1.5,15,6,9,0,0.4,0.19824228082594664,0.642535572434923,-3.545454545454546,-0.2363636363636364,1
mae,10,10,Midweek,2.0,3,2,1,0,0.6666666666666666,0.2076549551264879,0.9385096847238394,0.8181818181818181,0.2727272727272727,1
mae,10,10,Midweek,3.0,1,1,0,0,1.0,0.20654329147389294,1.0,0.9090909090909091,0.9090909090909091,1
mae,10,10,Midweek,4.0,1,1,0,0,1.0,0.20654329147389294,1.0,0.9090909090909091,0.9090909090909091,1
mae,10,10,Open,0.0,2288,1156,1132,35,0.5052447552447552,0.4847663372486438,0.5257055906542268,-81.09090909090924,-0.03544183089637641,1
mae,10,10,Open,0.5,1020,529,491,18,0.5186274509803922,0.4879513710578126,0.5491637451867316,-10.090909090909122,-0.009893048128342276,3
mae,10,10,Open,1.0,365,196,169,8,0.536986301369863,0.48571170575360473,0.5874904493178404,9.181818181818187,0.02515566625155668,5
mae,10,10,Open,1.5,110,71,39,3,0.6454545454545455,0.5525323623689828,0.7285599624050894,25.545454545454547,0.2322314049586777,6
mae,10,10,Open,2.0,32,19,13,2,0.59375,0.4225972657298823,0.744805975196862,4.272727272727273,0.1335227272727273,3
mae,10,10,Open,3.0,3,0,3,0,0.0,0.0,0.5615060804490177,-3.0,-1.0,0
mae,10,10,Open,4.0,0,0,0,0,,,,0.0,,0
mae,15,15,Close (PT Updated/final),0.0,2374,1183,1191,52,0.4983150800336984,0.47822075954602444,0.5184148447768202,-115.5454545454545,-0.04867121084475758,1
mae,15,15,Close (PT Updated/final),0.5,273,135,138,5,0.4945054945054945,0.4356859099928829,0.5534775683282943,-15.27272727272728,-0.05594405594405597,4
mae,15,15,Close (PT Updated/final),1.0,41,19,22,0,0.4634146341463415,0.32055999118185885,0.6125378465402564,-4.727272727272727,-0.11529933481152992,0
mae,15,15,Close (PT Updated/final),1.5,3,1,2,0,0.3333333333333333,0.0614903152761605,0.7923450448735121,-1.0909090909090908,-0.3636363636363636,0
mae,15,15,Close (PT Updated/final),2.0,0,0,0,0,,,,0.0,,0
mae,15,15,Close (PT Updated/final),3.0,0,0,0,0,,,,0.0,,0
mae,15,15,Close (PT Updated/final),4.0,0,0,0,0,,,,0.0,,0
mae,15,15,Midweek,0.0,2382,1184,1198,44,0.49706129303106633,0.47700293660088544,0.5171291130708111,-121.63636363636374,-0.051064804213418864,1
mae,15,15,Midweek,0.5,387,201,186,9,0.5193798449612403,0.4696554705127615,0.5687232486409826,-3.2727272727272805,-0.008456659619450337,4
mae,15,15,Midweek,1.0,61,30,31,2,0.4918032786885246,0.37060186643725185,0.6139759354676981,-3.7272727272727266,-0.061102831594634865,2
mae,15,15,Midweek,1.5,5,3,2,0,0.6,0.23071993220883708,0.8823817688407467,0.7272727272727271,0.14545454545454542,2
mae,15,15,Midweek,2.0,1,1,0,0,1.0,0.20654329147389294,1.0,0.9090909090909091,0.9090909090909091,1
mae,15,15,Midweek,3.0,1,1,0,0,1.0,0.20654329147389294,1.0,0.9090909090909091,0.9090909090909091,1
mae,15,15,Midweek,4.0,1,1,0,0,1.0,0.20654329147389294,1.0,0.9090909090909091,0.9090909090909091,1
mae,15,15,Open,0.0,2390,1232,1158,36,0.5154811715481171,0.49543603440361017,0.5354766208029833,-38.0,-0.015899581589958158,3
mae,15,15,Open,0.5,1077,551,526,21,0.5116063138347261,0.4817642271045309,0.54136589668049,-25.090909090909122,-0.023297037224613855,3
mae,15,15,Open,1.0,362,182,180,8,0.5027624309392266,0.4514976881492561,0.5539691587046831,-14.545454545454561,-0.04018081366147669,2
mae,15,15,Open,1.5,102,64,38,4,0.6274509803921569,0.5305983908791685,0.7150517126717983,20.18181818181818,0.1978609625668449,6
mae,15,15,Open,2.0,32,17,15,0,0.53125,0.3644923793257382,0.6913087009831766,0.45454545454545325,0.014204545454545414,2
mae,15,15,Open,3.0,0,0,0,0,,,,0.0,,0
mae,15,15,Open,4.0,0,0,0,0,,,,0.0,,0
mae,20,20,Close (PT Updated/final),0.0,2374,1194,1180,52,0.5029486099410277,0.48284703857617056,0.5230406538588512,-94.5454545454545,-0.03982538102167418,2
mae,20,20,Close (PT Updated/final),0.5,298,157,141,6,0.5268456375838926,0.47017683646701836,0.5828310988208941,1.7272727272727195,0.005796217205613153,4
mae,20,20,Close (PT Updated/final),1.0,58,31,27,1,0.5344827586206896,0.40799953310272974,0.6566818464217328,1.1818181818181799,0.02037617554858931,3
mae,20,20,Close (PT Updated/final),1.5,6,3,3,0,0.5,0.18761280689940868,0.8123871931005913,-0.27272727272727293,-0.04545454545454549,0
mae,20,20,Close (PT Updated/final),2.0,1,0,1,0,0.0,0.0,0.7934567085261071,-1.0,-1.0,0
mae,20,20,Close (PT Updated/final),3.0,0,0,0,0,,,,0.0,,0
mae,20,20,Close (PT Updated/final),4.0,0,0,0,0,,,,0.0,,0
mae,20,20,Midweek,0.0,2382,1179,1203,44,0.49496221662468515,0.47490791085074546,0.5150327457293058,-131.18181818181824,-0.0550721318983284,1
mae,20,20,Midweek,0.5,379,194,185,5,0.5118733509234829,0.461682171620352,0.5618262454377735,-8.636363636363654,-0.022787239146078244,4
mae,20,20,Midweek,1.0,64,33,31,2,0.515625,0.3958139224399903,0.6336665143421609,-1.0,-0.015625,3
mae,20,20,Midweek,1.5,5,3,2,0,0.6,0.23071993220883708,0.8823817688407467,0.7272727272727271,0.14545454545454542,1
mae,20,20,Midweek,2.0,1,1,0,0,1.0,0.20654329147389294,1.0,0.9090909090909091,0.9090909090909091,1
mae,20,20,Midweek,3.0,0,0,0,0,,,,0.0,,0
mae,20,20,Midweek,4.0,0,0,0,0,,,,0.0,,0
mae,20,20,Open,0.0,2390,1219,1171,36,0.5100418410041841,0.4899998784287721,0.5300515735971265,-62.818181818181756,-0.026283758082921237,2
mae,20,20,Open,0.5,914,469,445,15,0.513129102844639,0.4807376476880212,0.5454106550256497,-18.636363636363626,-0.02038989456932563,2
mae,20,20,Open,1.0,253,138,115,7,0.5454545454545454,0.48387452376699663,0.6056748327235405,10.454545454545453,0.04132231404958677,6
mae,20,20,Open,1.5,71,42,29,2,0.5915492957746479,0.4753857081544497,0.6983144799762155,9.18181818181818,0.12932138284250957,5
mae,20,20,Open,2.0,19,10,9,0,0.5263157894736842,0.31707482511825114,0.7267049451255145,0.09090909090908994,0.00478468899521526,2
mae,20,20,Open,3.0,0,0,0,0,,,,0.0,,0
mae,20,20,Open,4.0,0,0,0,0,,,,0.0,,0
mae,25,25,Close (PT Updated/final),0.0,2374,1197,1177,52,0.504212299915754,0.4841090501022331,0.5243019390906553,-88.81818181818176,-0.03741288197901506,1
mae,25,25,Close (PT Updated/final),0.5,320,166,154,6,0.51875,0.46410766801500264,0.5729474848745583,-3.0909090909090935,-0.009659090909090918,4
mae,25,25,Close (PT Updated/final),1.0,61,29,32,1,0.47540983606557374,0.3553028228679598,0.5984305828468899,-5.636363636363637,-0.09239940387481371,1
mae,25,25,Close (PT Updated/final),1.5,7,3,4,0,0.42857142857142855,0.15821692226262685,0.7495457695909742,-1.272727272727273,-0.18181818181818185,0
mae,25,25,Close (PT Updated/final),2.0,1,0,1,0,0.0,0.0,0.7934567085261071,-1.0,-1.0,0
mae,25,25,Close (PT Updated/final),3.0,0,0,0,0,,,,0.0,,0
mae,25,25,Close (PT Updated/final),4.0,0,0,0,0,,,,0.0,,0
mae,25,25,Midweek,0.0,2382,1191,1191,44,0.5,0.47993656578445215,0.5200634342155478,-108.27272727272725,-0.04545454545454545,1
mae,25,25,Midweek,0.5,358,180,178,5,0.5027932960893855,0.4512455064082797,0.5542817740370863,-14.363636363636374,-0.04012188928390049,3
mae,25,25,Midweek,1.0,56,30,26,2,0.5357142857142857,0.4070395665724008,0.6598035659641625,1.2727272727272734,0.02272727272727274,4
mae,25,25,Midweek,1.5,7,4,3,1,0.5714285714285714,0.2504542304090258,0.8417830777373732,0.6363636363636362,0.0909090909090909,1
mae,25,25,Midweek,2.0,2,1,1,0,0.5,0.09452865480086614,0.9054713451991339,-0.09090909090909094,-0.04545454545454547,1
mae,25,25,Midweek,3.0,1,1,0,0,1.0,0.20654329147389294,1.0,0.9090909090909091,0.9090909090909091,1
mae,25,25,Midweek,4.0,1,1,0,0,1.0,0.20654329147389294,1.0,0.9090909090909091,0.9090909090909091,1
mae,25,25,Open,0.0,2390,1206,1184,36,0.5046025104602511,0.4845660905919466,0.5246241582532569,-87.63636363636374,-0.03666793457588441,1
mae,25,25,Open,0.5,867,441,426,14,0.5086505190311419,0.47540825397806796,0.5418164628935194,-25.090909090909122,-0.02893991821327465,2
mae,25,25,Open,1.0,207,119,88,5,0.5748792270531401,0.5067707639459569,0.6402590442133438,20.181818181818173,0.09749670619235833,6
mae,25,25,Open,1.5,46,27,19,1,0.5869565217391305,0.4433924238701789,0.7171160670289898,5.545454545454543,0.12055335968379442,5
mae,25,25,Open,2.0,8,3,5,0,0.375,0.13684175946152105,0.6942621454161981,-2.272727272727273,-0.2840909090909091,0
mae,25,25,Open,3.0,0,0,0,0,,,,0.0,,0
mae,25,25,Open,4.0,0,0,0,0,,,,0.0,,0
mae,35,35,Close (PT Updated/final),0.0,2374,1193,1181,52,0.5025273799494524,0.48242639655066033,0.5226201969650726,-96.4545454545455,-0.040629547369227255,1
mae,35,35,Close (PT Updated/final),0.5,403,201,202,9,0.4987593052109181,0.45018491657611553,0.5473571243557853,-19.27272727272728,-0.04782314459733816,2
mae,35,35,Close (PT Updated/final),1.0,70,34,36,1,0.4857142857142857,0.37245682382738127,0.6004581725973982,-5.0909090909090935,-0.07272727272727277,1
mae,35,35,Close (PT Updated/final),1.5,11,6,5,0,0.5454545454545454,0.28008775568998817,0.7872904245601196,0.45454545454545414,0.04132231404958674,1
mae,35,35,Close (PT Updated/final),2.0,1,0,1,0,0.0,0.0,0.7934567085261071,-1.0,-1.0,0
mae,35,35,Close (PT Updated/final),3.0,0,0,0,0,,,,0.0,,0
mae,35,35,Close (PT Updated/final),4.0,0,0,0,0,,,,0.0,,0
mae,35,35,Midweek,0.0,2382,1213,1169,44,0.5092359361880773,0.4891610482885807,0.5292810813146589,-66.27272727272725,-0.02782230364094343,3
mae,35,35,Midweek,0.5,383,188,195,6,0.4908616187989556,0.4411342114634354,0.5407705268066989,-24.090909090909093,-0.06290054592926657,0
mae,35,35,Midweek,1.0,67,32,35,3,0.47761194029850745,0.36250188635242525,0.5951501147316833,-5.90909090909091,-0.0881953867028494,2
mae,35,35,Midweek,1.5,9,5,4,1,0.5555555555555556,0.2666473457440297,0.811224570528086,0.545454545454545,0.06060606060606055,1
mae,35,35,Midweek,2.0,2,1,1,0,0.5,0.09452865480086614,0.9054713451991339,-0.09090909090909094,-0.04545454545454547,1
mae,35,35,Midweek,3.0,1,1,0,0,1.0,0.20654329147389294,1.0,0.9090909090909091,0.9090909090909091,1
mae,35,35,Midweek,4.0,1,1,0,0,1.0,0.20654329147389294,1.0,0.9090909090909091,0.9090909090909091,1
mae,35,35,Open,0.0,2390,1195,1195,36,0.5,0.47997011892318087,0.5200298810768191,-108.63636363636374,-0.0454545454545455,0
mae,35,35,Open,0.5,659,333,326,12,0.5053110773899848,0.46721783767320446,0.543342754782067,-23.27272727272731,-0.035315215891847204,3
mae,35,35,Open,1.0,112,54,58,1,0.48214285714285715,0.39173830204135623,0.5737317881507682,-8.909090909090914,-0.07954545454545459,4
mae,35,35,Open,1.5,18,7,11,0,0.3888888888888889,0.20304991926931162,0.6138133141934384,-4.636363636363637,-0.25757575757575757,0
mae,35,35,Open,2.0,2,1,1,0,0.5,0.09452865480086614,0.9054713451991339,-0.09090909090909094,-0.04545454545454547,1
mae,35,35,Open,3.0,0,0,0,0,,,,0.0,,0
mae,35,35,Open,4.0,0,0,0,0,,,,0.0,,0
mae,999,All,Close (PT Updated/final),0.0,2374,1195,1179,52,0.5033698399326032,0.483267694843113,0.5234610965111977,-92.63636363636374,-0.0390212146741212,1
mae,999,All,Close (PT Updated/final),0.5,855,437,418,18,0.5111111111111111,0.4776293801773442,0.5444934420054656,-20.727272727272748,-0.024242424242424267,3
mae,999,All,Close (PT Updated/final),1.0,274,151,123,5,0.551094890510949,0.49189869711839995,0.6088781483935753,14.27272727272728,0.05209024552090248,5
mae,999,All,Close (PT Updated/final),1.5,62,37,25,1,0.5967741935483871,0.4725024243632989,0.7097531708834752,8.636363636363633,0.13929618768328442,4
mae,999,All,Close (PT Updated/final),2.0,15,10,5,0,0.6666666666666666,0.41713125151212976,0.8482389930530876,4.09090909090909,0.27272727272727265,2
mae,999,All,Close (PT Updated/final),3.0,2,0,2,0,0.0,0.0,0.6576280471103807,-2.0,-1.0,0
mae,999,All,Close (PT Updated/final),4.0,0,0,0,0,,,,0.0,,0
mae,999,All,Midweek,0.0,2382,1197,1185,44,0.5025188916876574,0.4824516558286754,0.5225780158812989,-96.81818181818176,-0.04064575223265397,2
mae,999,All,Midweek,0.5,799,405,394,12,0.5068836045056321,0.47226706816726516,0.5414342646983961,-25.818181818181813,-0.0323131186710661,2
mae,999,All,Midweek,1.0,240,127,113,2,0.5291666666666667,0.46605389791998963,0.5913604235083475,2.4545454545454533,0.010227272727272722,3
mae,999,All,Midweek,1.5,49,27,22,1,0.5510204081632653,0.41314866799678107,0.6814737507036366,2.545454545454543,0.0519480519480519,2
mae,999,All,Midweek,2.0,17,12,5,0,0.7058823529411765,0.468664666737861,0.8672020613444361,5.909090909090908,0.3475935828877005,2
mae,999,All,Midweek,3.0,2,0,2,0,0.0,0.0,0.6576280471103807,-2.0,-1.0,0
mae,999,All,Midweek,4.0,1,0,1,0,0.0,0.0,0.7934567085261071,-1.0,-1.0,0
mae,999,All,Open,0.0,2390,1212,1178,36,0.507112970711297,0.48707369849639315,0.5271294133552847,-76.18181818181824,-0.031875237732978345,1
mae,999,All,Open,0.5,111,56,55,1,0.5045045045045045,0.4129089369409994,0.5957987090688087,-4.0909090909090935,-0.036855036855036875,2
mae,999,All,Open,1.0,4,2,2,0,0.5,0.15003570882017148,0.8499642911798285,-0.18181818181818188,-0.04545454545454547,0
mae,999,All,Open,1.5,1,1,0,0,1.0,0.20654329147389294,1.0,0.9090909090909091,0.9090909090909091,1
mae,999,All,Open,2.0,0,0,0,0,,,,0.0,,0
mae,999,All,Open,3.0,0,0,0,0,,,,0.0,,0
mae,999,All,Open,4.0,0,0,0,0,,,,0.0,,0
wilson,3,3,Close (PT Updated/final),0.0,2034,1039,995,46,0.5108161258603736,0.48909175422725126,0.532499717847909,-50.454545454545496,-0.024805577902923055,3
wilson,3,3,Close (PT Updated/final),0.5,484,238,246,13,0.49173553719008267,0.4474369138190245,0.5361643206800425,-29.636363636363654,-0.061232156273478625,3
wilson,3,3,Close (PT Updated/final),1.0,211,104,107,6,0.4928909952606635,0.42616467018765203,0.5598715537093958,-12.454545454545453,-0.05902628177509694,1
wilson,3,3,Close (PT Updated/final),1.5,94,47,47,2,0.5,0.4009249494369979,0.599075050563002,-4.272727272727273,-0.04545454545454546,1
wilson,3,3,Close (PT Updated/final),2.0,37,22,15,1,0.5945945945945946,0.4348568313132931,0.7365370416005986,5.0,0.13513513513513514,1
wilson,3,3,Close (PT Updated/final),3.0,8,4,4,0,0.5,0.21521252682444186,0.7847874731755582,-0.36363636363636376,-0.04545454545454547,0
wilson,3,3,Close (PT Updated/final),4.0,1,1,0,0,1.0,0.20654329147389294,1.0,0.9090909090909091,0.9090909090909091,1
wilson,3,3,Midweek,0.0,2382,1207,1175,44,0.5067170445004198,0.48664460236896595,0.5267678555242988,-77.72727272727275,-0.032631096862834906,2
wilson,3,3,Midweek,0.5,443,234,209,8,0.5282167042889391,0.4816867406038925,0.5742614969818649,3.7272727272727195,0.008413708187974536,3
wilson,3,3,Midweek,1.0,78,42,36,3,0.5384615384615384,0.42863448388730346,0.6446778658223795,2.18181818181818,0.027972027972027948,4
wilson,3,3,Midweek,1.5,6,4,2,0,0.6666666666666666,0.29998832134152864,0.9032306674407831,1.6363636363636362,0.2727272727272727,2
wilson,3,3,Midweek,2.0,2,1,1,0,0.5,0.09452865480086614,0.9054713451991339,-0.09090909090909094,-0.04545454545454547,1
wilson,3,3,Midweek,3.0,1,1,0,0,1.0,0.20654329147389294,1.0,0.9090909090909091,0.9090909090909091,1
wilson,3,3,Midweek,4.0,1,1,0,0,1.0,0.20654329147389294,1.0,0.9090909090909091,0.9090909090909091,1
wilson,3,3,Open,0.0,2204,1149,1055,35,0.5213248638838476,0.5004501705252391,0.542125347573523,-10.454545454545496,-0.00474344167629106,5
wilson,3,3,Open,0.5,782,413,369,15,0.5281329923273658,0.4930916091142047,0.5628993183195173,6.454545454545439,0.008253894443152736,3
wilson,3,3,Open,1.0,177,96,81,5,0.5423728813559322,0.4688546175834955,0.6140908993772038,6.272727272727266,0.035439137134052355,3
wilson,3,3,Open,1.5,28,11,17,0,0.39285714285714285,0.23565451827580033,0.575912739650937,-7.0,-0.25,2
wilson,3,3,Open,2.0,5,3,2,0,0.6,0.23071993220883708,0.8823817688407467,0.7272727272727271,0.14545454545454542,2
wilson,3,3,Open,3.0,0,0,0,0,,,,0.0,,0
wilson,3,3,Open,4.0,0,0,0,0,,,,0.0,,0
wilson,5,5,Close (PT Updated/final),0.0,2374,1181,1193,52,0.4974726200505476,0.4773798030349274,0.5175736034493397,-119.36363636363649,-0.050279543539863726,1
wilson,5,5,Close (PT Updated/final),0.5,328,169,159,5,0.5152439024390244,0.4612948259661439,0.5688400335571949,-5.363636363636374,-0.016352549889135287,4
wilson,5,5,Close (PT Updated/final),1.0,52,24,28,1,0.46153846153846156,0.3334025986239788,0.5949662160231659,-6.181818181818183,-0.11888111888111891,1
wilson,5,5,Close (PT Updated/final),1.5,8,4,4,0,0.5,0.21521252682444186,0.7847874731755582,-0.36363636363636376,-0.04545454545454547,0
wilson,5,5,Close (PT Updated/final),2.0,0,0,0,0,,,,0.0,,0
wilson,5,5,Close (PT Updated/final),3.0,0,0,0,0,,,,0.0,,0
wilson,5,5,Close (PT Updated/final),4.0,0,0,0,0,,,,0.0,,0
wilson,5,5,Midweek,0.0,2382,1214,1168,44,0.5096557514693535,0.48958050538892844,0.5296999028326401,-64.36363636363649,-0.02702083810396158,2
wilson,5,5,Midweek,0.5,449,233,216,11,0.5189309576837416,0.47275063174607557,0.5647900888944309,-4.181818181818187,-0.009313626240129592,3
wilson,5,5,Midweek,1.0,85,44,41,4,0.5176470588235295,0.41297360126349636,0.6207943632936481,-1.0,-0.011764705882352941,3
wilson,5,5,Midweek,1.5,13,7,6,2,0.5384615384615384,0.2914343243183205,0.7679424569851186,0.3636363636363633,0.027972027972027948,2
wilson,5,5,Midweek,2.0,2,1,1,0,0.5,0.09452865480086614,0.9054713451991339,-0.09090909090909094,-0.04545454545454547,1
wilson,5,5,Midweek,3.0,1,1,0,0,1.0,0.20654329147389294,1.0,0.9090909090909091,0.9090909090909091,1
wilson,5,5,Midweek,4.0,1,1,0,0,1.0,0.20654329147389294,1.0,0.9090909090909091,0.9090909090909091,1
wilson,5,5,Open,0.0,2390,1214,1176,36,0.507949790794979,0.4879096798572394,0.5279643863299301,-72.36363636363649,-0.030277672118676355,2
wilson,5,5,Open,0.5,899,473,426,16,0.5261401557285873,0.49345812346571283,0.558599734745517,4.0,0.004449388209121246,5
wilson,5,5,Open,1.0,217,120,97,5,0.5529953917050692,0.486492935651486,0.6176541091081971,12.090909090909093,0.055718475073313796,5
wilson,5,5,Open,1.5,42,20,22,1,0.47619047619047616,0.3335936447596496,0.6227778605979295,-3.81818181818182,-0.09090909090909095,3
wilson,5,5,Open,2.0,5,4,1,1,0.8,0.3755282641185388,0.9637768390302125,2.6363636363636362,0.5272727272727272,2
wilson,5,5,Open,3.0,1,1,0,0,1.0,0.20654329147389294,1.0,0.9090909090909091,0.9090909090909091,1
wilson,5,5,Open,4.0,0,0,0,0,,,,0.0,,0
wilson,8,8,Close (PT Updated/final),0.0,2374,1205,1169,52,0.5075821398483572,0.4874750408562567,0.527664739690942,-73.5454545454545,-0.030979551198590777,2
wilson,8,8,Close (PT Updated/final),0.5,300,153,147,4,0.51,0.45366316504261445,0.5660839663574307,-7.9090909090909065,-0.026363636363636356,4
wilson,8,8,Close (PT Updated/final),1.0,55,25,30,1,0.45454545454545453,0.33025071746446194,0.5847753865163952,-7.272727272727273,-0.1322314049586777,1
wilson,8,8,Close (PT Updated/final),1.5,4,2,2,0,0.5,0.15003570882017148,0.8499642911798285,-0.18181818181818188,-0.04545454545454547,0
wilson,8,8,Close (PT Updated/final),2.0,0,0,0,0,,,,0.0,,0
wilson,8,8,Close (PT Updated/final),3.0,0,0,0,0,,,,0.0,,0
wilson,8,8,Close (PT Updated/final),4.0,0,0,0,0,,,,0.0,,0
wilson,8,8,Midweek,0.0,2382,1197,1185,44,0.5025188916876574,0.4824516558286754,0.5225780158812989,-96.81818181818176,-0.04064575223265397,1
wilson,8,8,Midweek,0.5,476,238,238,7,0.5,0.45526194208175763,0.5447380579182424,-21.636363636363654,-0.04545454545454549,3
wilson,8,8,Midweek,1.0,69,33,36,3,0.4782608695652174,0.36468525497597737,0.5941294882476751,-6.0,-0.08695652173913043,3
wilson,8,8,Midweek,1.5,7,5,2,0,0.7142857142857143,0.35892909014821267,0.9177828342909844,2.545454545454545,0.3636363636363636,2
wilson,8,8,Midweek,2.0,1,1,0,0,1.0,0.20654329147389294,1.0,0.9090909090909091,0.9090909090909091,1
wilson,8,8,Midweek,3.0,1,1,0,0,1.0,0.20654329147389294,1.0,0.9090909090909091,0.9090909090909091,1
wilson,8,8,Midweek,4.0,1,1,0,0,1.0,0.20654329147389294,1.0,0.9090909090909091,0.9090909090909091,1
wilson,8,8,Open,0.0,2390,1207,1183,36,0.505020920502092,0.48498399022666466,0.5250417357862847,-85.72727272727275,-0.03586915176873337,2
wilson,8,8,Open,0.5,834,441,393,16,0.5287769784172662,0.4948441579214774,0.5624459074082938,7.909090909090878,0.009483322432962684,5
wilson,8,8,Open,1.0,183,98,85,4,0.5355191256830601,0.46327115969057303,0.6063064932518125,4.0909090909090935,0.02235469448584204,4
wilson,8,8,Open,1.5,28,16,12,1,0.5714285714285714,0.390704789856154,0.7349170381926877,2.545454545454545,0.0909090909090909,3
wilson,8,8,Open,2.0,6,4,2,1,0.6666666666666666,0.29998832134152864,0.9032306674407831,1.6363636363636362,0.2727272727272727,2
wilson,8,8,Open,3.0,0,0,0,0,,,,0.0,,0
wilson,8,8,Open,4.0,0,0,0,0,,,,0.0,,0
wilson,10,10,Close (PT Updated/final),0.0,2374,1205,1169,52,0.5075821398483572,0.4874750408562567,0.527664739690942,-73.5454545454545,-0.030979551198590777,1
wilson,10,10,Close (PT Updated/final),0.5,297,151,146,5,0.5084175084175084,0.45181679634460165,0.5648032455644959,-8.72727272727272,-0.029384756657483906,3
wilson,10,10,Close (PT Updated/final),1.0,52,25,27,0,0.4807692307692308,0.35103894702884453,0.6131454602947278,-4.272727272727273,-0.08216783216783217,0
wilson,10,10,Close (PT Updated/final),1.5,7,4,3,0,0.5714285714285714,0.2504542304090258,0.8417830777373732,0.6363636363636362,0.0909090909090909,1
wilson,10,10,Close (PT Updated/final),2.0,0,0,0,0,,,,0.0,,0
wilson,10,10,Close (PT Updated/final),3.0,0,0,0,0,,,,0.0,,0
wilson,10,10,Close (PT Updated/final),4.0,0,0,0,0,,,,0.0,,0
wilson,10,10,Midweek,0.0,2382,1189,1193,44,0.4991603694374475,0.4790983154092125,0.5192251273541293,-112.09090909090924,-0.047057476528509334,0
wilson,10,10,Midweek,0.5,441,217,224,9,0.49206349206349204,0.44567310828411516,0.5385909533504082,-26.727272727272748,-0.060606060606060656,2
wilson,10,10,Midweek,1.0,54,26,28,2,0.48148148148148145,0.3539375603654322,0.6114852495153457,-4.363636363636363,-0.0808080808080808,2
wilson,10,10,Midweek,1.5,5,3,2,0,0.6,0.23071993220883708,0.8823817688407467,0.7272727272727271,0.14545454545454542,1
wilson,10,10,Midweek,2.0,1,1,0,0,1.0,0.20654329147389294,1.0,0.9090909090909091,0.9090909090909091,1
wilson,10,10,Midweek,3.0,1,1,0,0,1.0,0.20654329147389294,1.0,0.9090909090909091,0.9090909090909091,1
wilson,10,10,Midweek,4.0,1,1,0,0,1.0,0.20654329147389294,1.0,0.9090909090909091,0.9090909090909091,1
wilson,10,10,Open,0.0,2390,1193,1197,36,0.499163179916318,0.4791346697629999,0.5191943759015085,-112.4545454545455,-0.04705211106884749,1
wilson,10,10,Open,0.5,728,379,349,17,0.5206043956043956,0.4843010866572844,0.5566913904033254,-4.454545454545439,-0.006118881118881097,3
wilson,10,10,Open,1.0,171,94,77,5,0.5497076023391813,0.47485992004894606,0.6223709449168287,8.454545454545453,0.04944178628389154,4
wilson,10,10,Open,1.5,26,16,10,1,0.6153846153846154,0.42534520039420076,0.7757164048816557,4.545454545454545,0.17482517482517482,4
wilson,10,10,Open,2.0,4,3,1,0,0.75,0.3006360524426366,0.9544139373553637,1.727272727272727,0.43181818181818177,2
wilson,10,10,Open,3.0,0,0,0,0,,,,0.0,,0
wilson,10,10,Open,4.0,0,0,0,0,,,,0.0,,0
wilson,15,15,Close (PT Updated/final),0.0,2374,1202,1172,52,0.506318449873631,0.4862126874947017,0.5264037962946304,-79.27272727272725,-0.033392050241249895,0
wilson,15,15,Close (PT Updated/final),0.5,371,183,188,7,0.49326145552560646,0.4427173921566372,0.5439436401300675,-21.636363636363654,-0.058319039451114975,3
wilson,15,15,Close (PT Updated/final),1.0,70,43,27,1,0.6142857142857143,0.4971552064563055,0.7195248221454583,12.090909090909086,0.17272727272727267,3
wilson,15,15,Close (PT Updated/final),1.5,10,5,5,0,0.5,0.23658959361548731,0.7634104063845126,-0.45454545454545503,-0.045454545454545504,0
wilson,15,15,Close (PT Updated/final),2.0,1,0,1,0,0.0,0.0,0.7934567085261071,-1.0,-1.0,0
wilson,15,15,Close (PT Updated/final),3.0,0,0,0,0,,,,0.0,,0
wilson,15,15,Close (PT Updated/final),4.0,0,0,0,0,,,,0.0,,0
wilson,15,15,Midweek,0.0,2382,1199,1183,44,0.5033585222502099,0.48329013215197025,0.5234160967946624,-93.0,-0.03904282115869018,2
wilson,15,15,Midweek,0.5,499,253,246,6,0.5070140280561122,0.46326178776008226,0.5506590970672669,-16.0,-0.03206412825651302,3
wilson,15,15,Midweek,1.0,99,52,47,3,0.5252525252525253,0.42779134155248744,0.6208271163478176,0.2727272727272734,0.002754820936639125,4
wilson,15,15,Midweek,1.5,18,11,7,1,0.6111111111111112,0.3861866858065617,0.7969500807306884,3.0,0.16666666666666666,2
wilson,15,15,Midweek,2.0,4,3,1,0,0.75,0.3006360524426366,0.9544139373553637,1.727272727272727,0.43181818181818177,2
wilson,15,15,Midweek,3.0,1,1,0,0,1.0,0.20654329147389294,1.0,0.9090909090909091,0.9090909090909091,1
wilson,15,15,Midweek,4.0,1,1,0,0,1.0,0.20654329147389294,1.0,0.9090909090909091,0.9090909090909091,1
wilson,15,15,Open,0.0,2390,1201,1189,36,0.5025104602510461,0.48247680249591196,0.5225360605105628,-97.18181818181824,-0.040661848611639434,0
wilson,15,15,Open,0.5,550,287,263,12,0.5218181818181818,0.4800640706524365,0.5632696189801228,-2.090909090909122,-0.00380165289256204,3
wilson,15,15,Open,1.0,65,29,36,2,0.4461538461538462,0.331693339691393,0.5666239568269913,-9.636363636363637,-0.14825174825174825,1
wilson,15,15,Open,1.5,11,8,3,1,0.7272727272727273,0.4343497069897537,0.9025411942607853,4.2727272727272725,0.3884297520661157,4
wilson,15,15,Open,2.0,1,0,1,0,0.0,0.0,0.7934567085261071,-1.0,-1.0,0
wilson,15,15,Open,3.0,0,0,0,0,,,,0.0,,0
wilson,15,15,Open,4.0,0,0,0,0,,,,0.0,,0
wilson,20,20,Close (PT Updated/final),0.0,2374,1196,1178,52,0.5037910699241785,0.4836883653517146,0.5238815249218847,-90.72727272727275,-0.03821704832656813,2
wilson,20,20,Close (PT Updated/final),0.5,449,225,224,8,0.5011135857461024,0.45505178322697293,0.5471564944577627,-19.454545454545467,-0.04332860903016808,2
wilson,20,20,Close (PT Updated/final),1.0,93,51,42,3,0.5483870967741935,0.44733119871635174,0.6456040687720004,4.36363636363636,0.04692082111436946,3
wilson,20,20,Close (PT Updated/final),1.5,17,10,7,0,0.5882352941176471,0.36005074385515545,0.7838921396086862,2.09090909090909,0.12299465240641705,2
wilson,20,20,Close (PT Updated/final),2.0,1,0,1,0,0.0,0.0,0.7934567085261071,-1.0,-1.0,0
wilson,20,20,Close (PT Updated/final),3.0,0,0,0,0,,,,0.0,,0
wilson,20,20,Close (PT Updated/final),4.0,0,0,0,0,,,,0.0,,0
wilson,20,20,Midweek,0.0,2382,1215,1167,44,0.5100755667506297,0.489999976618704,0.5301187102211935,-62.454545454545496,-0.026219372566979638,3
wilson,20,20,Midweek,0.5,441,228,213,6,0.5170068027210885,0.4704218618003878,0.5632980061256335,-5.727272727272748,-0.012987012987013035,4
wilson,20,20,Midweek,1.0,110,58,52,3,0.5272727272727272,0.4346352821640567,0.6180695287310817,0.7272727272727266,0.006611570247933878,2
wilson,20,20,Midweek,1.5,28,17,11,1,0.6071428571428571,0.42408726034906297,0.7643454817241996,4.454545454545453,0.15909090909090903,2
wilson,20,20,Midweek,2.0,4,3,1,0,0.75,0.3006360524426366,0.9544139373553637,1.727272727272727,0.43181818181818177,2
wilson,20,20,Midweek,3.0,0,0,0,0,,,,0.0,,0
wilson,20,20,Midweek,4.0,0,0,0,0,,,,0.0,,0
wilson,20,20,Open,0.0,2390,1188,1202,36,0.497071129707113,0.477046291931439,0.5171053678943407,-122.0,-0.05104602510460251,0
wilson,20,20,Open,0.5,349,174,175,8,0.498567335243553,0.44641130169401616,0.5507545653692779,-16.818181818181813,-0.04818963271685333,3
wilson,20,20,Open,1.0,30,15,15,1,0.5,0.33153851227173764,0.6684614877282624,-1.3636363636363633,-0.04545454545454544,2
wilson,20,20,Open,1.5,1,0,1,0,0.0,0.0,0.7934567085261071,-1.0,-1.0,0
wilson,20,20,Open,2.0,0,0,0,0,,,,0.0,,0
wilson,20,20,Open,3.0,0,0,0,0,,,,0.0,,0
wilson,20,20,Open,4.0,0,0,0,0,,,,0.0,,0
wilson,25,25,Close (PT Updated/final),0.0,2374,1201,1173,52,0.5058972198820556,0.4857919315296799,0.5259834533403636,-81.18181818181824,-0.034196216588802966,2
wilson,25,25,Close (PT Updated/final),0.5,517,259,258,9,0.5009671179883946,0.45801895676870996,0.5439010127575336,-22.54545454545456,-0.043608229294883095,3
wilson,25,25,Close (PT Updated/final),1.0,124,70,54,4,0.5645161290322581,0.4766059129009367,0.6485489662620275,9.636363636363633,0.07771260997067446,3
wilson,25,25,Close (PT Updated/final),1.5,27,16,11,1,0.5925925925925926,0.4072638305536409,0.7548548662714265,3.545454545454545,0.1313131313131313,2
wilson,25,25,Close (PT Updated/final),2.0,6,4,2,0,0.6666666666666666,0.29998832134152864,0.9032306674407831,1.6363636363636362,0.2727272727272727,1
wilson,25,25,Close (PT Updated/final),3.0,1,0,1,0,0.0,0.0,0.7934567085261071,-1.0,-1.0,0
wilson,25,25,Close (PT Updated/final),4.0,0,0,0,0,,,,0.0,,0
wilson,25,25,Midweek,0.0,2382,1211,1171,44,0.5083963056255247,0.48832217647351234,0.5284433958930689,-70.09090909090924,-0.02942523471490732,2
wilson,25,25,Midweek,0.5,475,244,231,7,0.5136842105263157,0.46880631894683655,0.5583425336173515,-9.181818181818187,-0.019330143540669868,3
wilson,25,25,Midweek,1.0,108,57,51,3,0.5277777777777778,0.4342949982627799,0.6193523029203218,0.818181818181813,0.007575757575757528,1
wilson,25,25,Midweek,1.5,27,17,10,1,0.6296296296296297,0.442289046234463,0.7846771293206314,5.454545454545453,0.20202020202020196,2
wilson,25,25,Midweek,2.0,2,1,1,0,0.5,0.09452865480086614,0.9054713451991339,-0.09090909090909094,-0.04545454545454547,0
wilson,25,25,Midweek,3.0,0,0,0,0,,,,0.0,,0
wilson,25,25,Midweek,4.0,0,0,0,0,,,,0.0,,0
wilson,25,25,Open,0.0,2390,1172,1218,36,0.4903765690376569,0.47036583583451114,0.5104181893073362,-152.5454545454545,-0.06382655001901862,1
wilson,25,25,Open,0.5,287,136,151,6,0.4738675958188153,0.4168260086292889,0.5315995260947671,-27.363636363636374,-0.0953436807095344,1
wilson,25,25,Open,1.0,18,8,10,0,0.4444444444444444,0.24559231101389126,0.6628393057174837,-2.7272727272727275,-0.15151515151515152,1
wilson,25,25,Open,1.5,1,1,0,0,1.0,0.20654329147389294,1.0,0.9090909090909091,0.9090909090909091,1
wilson,25,25,Open,2.0,0,0,0,0,,,,0.0,,0
wilson,25,25,Open,3.0,0,0,0,0,,,,0.0,,0
wilson,25,25,Open,4.0,0,0,0,0,,,,0.0,,0
wilson,35,35,Close (PT Updated/final),0.0,2374,1208,1166,52,0.5088458298230834,0.4887375224283583,0.528925554876707,-67.81818181818176,-0.02856705215593166,2
wilson,35,35,Close (PT Updated/final),0.5,619,315,304,13,0.5088852988691438,0.4695687948624948,0.548092196310863,-17.636363636363626,-0.02849170215890731,2
wilson,35,35,Close (PT Updated/final),1.0,174,97,77,3,0.5574712643678161,0.4832195078044475,0.6292401191894619,11.181818181818173,0.06426332288401249,4
wilson,35,35,Close (PT Updated/final),1.5,31,19,12,0,0.6129032258064516,0.4382380114113197,0.7626712464872843,5.272727272727273,0.17008797653958946,2
wilson,35,35,Close (PT Updated/final),2.0,7,4,3,0,0.5714285714285714,0.2504542304090258,0.8417830777373732,0.6363636363636362,0.0909090909090909,1
wilson,35,35,Close (PT Updated/final),3.0,1,0,1,0,0.0,0.0,0.7934567085261071,-1.0,-1.0,0
wilson,35,35,Close (PT Updated/final),4.0,0,0,0,0,,,,0.0,,0
wilson,35,35,Midweek,0.0,2382,1204,1178,44,0.5054575986565911,0.48538657010876624,0.5255110519295118,-83.4545454545455,-0.03503549347378065,2
wilson,35,35,Midweek,0.5,585,290,295,11,0.49572649572649574,0.4553702142103777,0.536138537888659,-31.363636363636374,-0.05361305361305363,2
wilson,35,35,Midweek,1.0,150,73,77,2,0.4866666666666667,0.4080157160222476,0.5659835143549716,-10.63636363636364,-0.07090909090909094,1
wilson,35,35,Midweek,1.5,37,21,16,1,0.5675675675675675,0.40913906334200717,0.713285131596487,3.09090909090909,0.08353808353808351,2
wilson,35,35,Midweek,2.0,12,9,3,0,0.75,0.46768966087934005,0.9110599603710386,5.181818181818182,0.4318181818181818,2
wilson,35,35,Midweek,3.0,2,0,2,0,0.0,0.0,0.6576280471103807,-2.0,-1.0,0
wilson,35,35,Midweek,4.0,0,0,0,0,,,,0.0,,0
wilson,35,35,Open,0.0,2390,1189,1201,36,0.497489539748954,0.4774639394894373,0.5175231975040882,-120.09090909090924,-0.05024724229745156,1
wilson,35,35,Open,0.5,220,103,117,3,0.4681818181818182,0.4033562002215489,0.5340995720745747,-23.36363636363636,-0.106198347107438,3
wilson,35,35,Open,1.0,10,6,4,0,0.6,0.3126695474501864,0.8318224187964902,1.4545454545454541,0.14545454545454542,3
wilson,35,35,Open,1.5,1,1,0,0,1.0,0.20654329147389294,1.0,0.9090909090909091,0.9090909090909091,1
wilson,35,35,Open,2.0,0,0,0,0,,,,0.0,,0
wilson,35,35,Open,3.0,0,0,0,0,,,,0.0,,0
wilson,35,35,Open,4.0,0,0,0,0,,,,0.0,,0
wilson,999,All,Close (PT Updated/final),0.0,2374,1195,1179,52,0.5033698399326032,0.483267694843113,0.5234610965111977,-92.63636363636374,-0.0390212146741212,1
wilson,999,All,Close (PT Updated/final),0.5,855,437,418,18,0.5111111111111111,0.4776293801773442,0.5444934420054656,-20.727272727272748,-0.024242424242424267,3
wilson,999,All,Close (PT Updated/final),1.0,274,151,123,5,0.551094890510949,0.49189869711839995,0.6088781483935753,14.27272727272728,0.05209024552090248,5
wilson,999,All,Close (PT Updated/final),1.5,62,37,25,1,0.5967741935483871,0.4725024243632989,0.7097531708834752,8.636363636363633,0.13929618768328442,4
wilson,999,All,Close (PT Updated/final),2.0,15,10,5,0,0.6666666666666666,0.41713125151212976,0.8482389930530876,4.09090909090909,0.27272727272727265,2
wilson,999,All,Close (PT Updated/final),3.0,2,0,2,0,0.0,0.0,0.6576280471103807,-2.0,-1.0,0
wilson,999,All,Close (PT Updated/final),4.0,0,0,0,0,,,,0.0,,0
wilson,999,All,Midweek,0.0,2382,1197,1185,44,0.5025188916876574,0.4824516558286754,0.5225780158812989,-96.81818181818176,-0.04064575223265397,2
wilson,999,All,Midweek,0.5,799,405,394,12,0.5068836045056321,0.47226706816726516,0.5414342646983961,-25.818181818181813,-0.0323131186710661,2
wilson,999,All,Midweek,1.0,240,127,113,2,0.5291666666666667,0.46605389791998963,0.5913604235083475,2.4545454545454533,0.010227272727272722,3
wilson,999,All,Midweek,1.5,49,27,22,1,0.5510204081632653,0.41314866799678107,0.6814737507036366,2.545454545454543,0.0519480519480519,2
wilson,999,All,Midweek,2.0,17,12,5,0,0.7058823529411765,0.468664666737861,0.8672020613444361,5.909090909090908,0.3475935828877005,2
wilson,999,All,Midweek,3.0,2,0,2,0,0.0,0.0,0.6576280471103807,-2.0,-1.0,0
wilson,999,All,Midweek,4.0,1,0,1,0,0.0,0.0,0.7934567085261071,-1.0,-1.0,0
wilson,999,All,Open,0.0,2390,1212,1178,36,0.507112970711297,0.48707369849639315,0.5271294133552847,-76.18181818181824,-0.031875237732978345,1
wilson,999,All,Open,0.5,111,56,55,1,0.5045045045045045,0.4129089369409994,0.5957987090688087,-4.0909090909090935,-0.036855036855036875,2
wilson,999,All,Open,1.0,4,2,2,0,0.5,0.15003570882017148,0.8499642911798285,-0.18181818181818188,-0.04545454545454547,0
wilson,999,All,Open,1.5,1,1,0,0,1.0,0.20654329147389294,1.0,0.9090909090909091,0.9090909090909091,1
wilson,999,All,Open,2.0,0,0,0,0,,,,0.0,,0
wilson,999,All,Open,3.0,0,0,0,0,,,,0.0,,0
wilson,999,All,Open,4.0,0,0,0,0,,,,0.0,,0
