fold,ranking_method,top_n,top_n_label,line_reference,market_intercept,market_beta,signal_intercept,signal_market_beta,gamma,train_games,selected_models
1,wilson,3,3,Open,0.38268131396343674,0.9278261192049109,0.3527043891717269,0.9424859682636594,0.09157587169216103,1126,3
1,wilson,5,5,Open,0.2267516145687772,0.9808613388645482,0.19941420669041895,0.9994417387752066,0.13171019664762268,1423,5
1,wilson,8,8,Open,0.2297909634026638,0.9813070737900951,0.2271042980292336,0.987392025378759,0.038710513237105226,1425,8
1,wilson,10,10,Open,0.2297909634026638,0.9813070737900951,0.2241428556414415,0.9897779190861968,0.06417297088075197,1425,10
1,wilson,15,15,Open,0.2297909634026638,0.9813070737900951,0.22300242620453473,0.993231570778321,0.07399642876242624,1425,15
1,wilson,20,20,Open,0.2297909634026638,0.9813070737900951,0.22450036990641017,0.9891134174788125,0.052789227098624325,1425,20
1,wilson,25,25,Open,0.2297909634026638,0.9813070737900951,0.2224053793638051,0.9919189894463709,0.07939401350127334,1425,25
1,wilson,35,35,Open,0.2297909634026638,0.9813070737900951,0.22220217089087932,0.9933537869030302,0.10874057322676364,1425,35
1,wilson,999,All,Open,0.2297909634026638,0.9813070737900951,0.22598190070156124,0.98833007781708,0.08728608408259242,1425,60
1,mae,3,3,Open,0.23704517502491507,0.9815740372449231,0.2572197865110975,0.9885464385412521,0.2849159896342436,1424,3
1,mae,5,5,Open,0.2297909634026638,0.9813070737900951,0.24982294798999136,0.9806890269405748,0.2810273920895489,1425,5
1,mae,8,8,Open,0.2297909634026638,0.9813070737900951,0.25067688944841,0.9855667214125912,0.3202633300507295,1425,8
1,mae,10,10,Open,0.2297909634026638,0.9813070737900951,0.2606671733119574,0.9845719061050036,0.3220957371377856,1425,10
1,mae,15,15,Open,0.2297909634026638,0.9813070737900951,0.2596326247540376,0.9856885841871275,0.31635954446502557,1425,15
1,mae,20,20,Open,0.2297909634026638,0.9813070737900951,0.2515357651769258,0.9899558598415976,0.2861126257325201,1425,20
1,mae,25,25,Open,0.2297909634026638,0.9813070737900951,0.24986116949164563,0.992497748313764,0.26400755441628626,1425,25
1,mae,35,35,Open,0.2297909634026638,0.9813070737900951,0.23722935590969152,0.991930766654857,0.206381083681457,1425,35
1,mae,999,All,Open,0.2297909634026638,0.9813070737900951,0.22598190070156124,0.9883300778170803,0.08728608408259217,1425,60
1,incremental,3,3,Open,0.07593369727436933,0.9939303265964228,0.03752732870664304,1.0049870713120599,0.4912440011254604,931,3
1,incremental,5,5,Open,0.2297909634026638,0.9813070737900951,0.24865377332979324,0.9844390786119264,0.42007550392222803,1425,5
1,incremental,8,8,Open,0.2297909634026638,0.9813070737900951,0.255868404044158,0.9768893899195334,0.3577699935527917,1425,8
1,incremental,10,10,Open,0.2297909634026638,0.9813070737900951,0.2455969474555613,0.9672307526810509,0.3750383300023926,1425,10
1,incremental,15,15,Open,0.2297909634026638,0.9813070737900951,0.22518238807181087,0.9881198058378666,0.37349416715909756,1425,15
1,incremental,20,20,Open,0.2297909634026638,0.9813070737900951,0.22039343322904398,0.995722209980178,0.3758240406114072,1425,20
1,incremental,25,25,Open,0.2297909634026638,0.9813070737900951,0.2289657497989106,0.9891678767276191,0.34174745344587415,1425,25
1,incremental,35,35,Open,0.2297909634026638,0.9813070737900951,0.22205328241698463,0.9913196650314946,0.2545239987586798,1425,35
1,incremental,999,All,Open,0.2297909634026638,0.9813070737900951,0.225981900701561,0.9883300778170803,0.08728608408259228,1425,60
1,wilson,3,3,Midweek,0.1370068931488295,0.9630302681180772,0.13693792162537702,0.9629555820813794,-0.0018203708786906601,1425,3
1,wilson,5,5,Midweek,0.1370068931488295,0.9630302681180772,0.13765753993450913,0.9607623034666181,-0.038641241373825824,1425,5
1,wilson,8,8,Midweek,0.1370068931488295,0.9630302681180772,0.1375352972591131,0.9622611204901205,-0.011996790528203488,1425,8
1,wilson,10,10,Midweek,0.1370068931488295,0.9630302681180772,0.13717343495187106,0.9653227212314931,0.03235283410360482,1425,10
1,wilson,15,15,Midweek,0.1370068931488295,0.9630302681180772,0.13745251429570166,0.9443463180946572,-0.11644703204181853,1425,15
1,wilson,20,20,Midweek,0.1370068931488295,0.9630302681180772,0.13787769607418268,0.9410081400749268,-0.15188144216664673,1425,20
1,wilson,25,25,Midweek,0.1370068931488295,0.9630302681180772,0.13452745149071382,0.9469840782783603,-0.12554352134989938,1425,25
1,wilson,35,35,Midweek,0.1370068931488295,0.9630302681180772,0.12883362660484643,0.9430479694470424,-0.16813491899434171,1425,35
1,wilson,999,All,Midweek,0.1370068931488295,0.9630302681180772,0.12803897918093268,0.942879506972038,-0.20291693460810797,1425,60
1,mae,3,3,Midweek,0.14407201568244474,0.9632754201904696,0.15411568993054067,0.9659999497716757,0.06116958837163697,1424,3
1,mae,5,5,Midweek,0.1370068931488295,0.9630302681180772,0.1396674895136001,0.9633302055780295,0.015905216845254644,1425,5
1,mae,8,8,Midweek,0.1370068931488295,0.9630302681180772,0.14258535429417743,0.9642141624192501,0.0349419279376634,1425,8
1,mae,10,10,Midweek,0.1370068931488295,0.9630302681180772,0.15064289025614291,0.9652615638330021,0.07145754429829487,1425,10
1,mae,15,15,Midweek,0.1370068931488295,0.9630302681180772,0.14872123311885566,0.9651800001124469,0.06203606638254436,1425,15
1,mae,20,20,Midweek,0.1370068931488295,0.9630302681180772,0.1337636795479519,0.9620530193660927,-0.019182982218378775,1425,20
1,mae,25,25,Midweek,0.1370068931488295,0.9630302681180772,0.13283506659213312,0.9614590764881203,-0.024806081090137294,1425,25
1,mae,35,35,Midweek,0.1370068931488295,0.9630302681180772,0.1282742965291307,0.9580740113974382,-0.0685719860832337,1425,35
1,mae,999,All,Midweek,0.1370068931488295,0.9630302681180772,0.12803897918093296,0.9428795069720397,-0.2029169346081072,1425,60
1,incremental,3,3,Midweek,0.5704582937268982,0.9175125608978,0.5686114514148718,0.9119639956523796,-0.022062319688898713,427,3
1,incremental,5,5,Midweek,0.5262632583205468,0.9284969766175188,0.5393635495256819,0.9434457313758688,0.06307791075911878,429,5
1,incremental,8,8,Midweek,0.14407201568244474,0.9632754201904696,0.15808842982727173,0.9754416856483852,0.06862115159281831,1424,8
1,incremental,10,10,Midweek,0.1370068931488295,0.9630302681180772,0.14745843319135382,0.9729525696602843,0.06631692576493461,1425,10
1,incremental,15,15,Midweek,0.1370068931488295,0.9630302681180772,0.15560045728392116,0.9777033303833631,0.12751404189770013,1425,15
1,incremental,20,20,Midweek,0.1370068931488295,0.9630302681180772,0.14946166563575566,0.9770129969702207,0.10669877944995576,1425,20
1,incremental,25,25,Midweek,0.1370068931488295,0.9630302681180772,0.1388901507530758,0.967691629658848,0.03482701843383718,1425,25
1,incremental,35,35,Midweek,0.1370068931488295,0.9630302681180772,0.1328963675898017,0.9543928002606679,-0.05853077618947584,1425,35
1,incremental,999,All,Midweek,0.1370068931488295,0.9630302681180772,0.1280389791809328,0.9428795069720385,-0.20291693460810706,1425,60
1,wilson,3,3,Close (PT Updated/final),0.1620106738897461,0.9608862249401965,0.16247513684605044,0.9613248439842552,0.006651300250824811,1418,3
1,wilson,5,5,Close (PT Updated/final),0.1620106738897461,0.9608862249401965,0.1591692001674486,0.9627506326016452,0.024148805252433625,1418,5
1,wilson,8,8,Close (PT Updated/final),0.17526130528962033,0.9643724590639464,0.17446944531832947,0.9651464146541384,0.0129777524722339,1425,8
1,wilson,10,10,Close (PT Updated/final),0.17526130528962033,0.9643724590639464,0.17716404401597705,0.9619176539697568,-0.03409729296805425,1425,10
1,wilson,15,15,Close (PT Updated/final),0.17526130528962033,0.9643724590639464,0.1748185205059837,0.959149943788124,-0.05057148359279763,1425,15
1,wilson,20,20,Close (PT Updated/final),0.17526130528962033,0.9643724590639464,0.17668758191117728,0.9520073582974853,-0.08679193737899314,1425,20
1,wilson,25,25,Close (PT Updated/final),0.17526130528962033,0.9643724590639464,0.17519854495122827,0.9498212070395494,-0.10928662048225563,1425,25
1,wilson,35,35,Close (PT Updated/final),0.17526130528962033,0.9643724590639464,0.17582629997413132,0.9491903238767924,-0.13292168569392648,1425,35
1,wilson,999,All,Close (PT Updated/final),0.17526130528962033,0.9643724590639464,0.1732833338877329,0.9437313678464342,-0.20604919687123605,1425,60
1,mae,3,3,Close (PT Updated/final),0.18237081796487564,0.964620055977482,0.18712254412341345,0.9663012930389274,0.0373503696175414,1424,3
1,mae,5,5,Close (PT Updated/final),0.17526130528962033,0.9643724590639464,0.17433386732542808,0.9642327510248598,-0.007166093477463914,1425,5
1,mae,8,8,Close (PT Updated/final),0.17526130528962033,0.9643724590639464,0.17603925624290376,0.9645914541817439,0.0063594289028114925,1425,8
1,mae,10,10,Close (PT Updated/final),0.17526130528962033,0.9643724590639464,0.18198062919357524,0.9657633719574016,0.0438060186710342,1425,10
1,mae,15,15,Close (PT Updated/final),0.17526130528962033,0.9643724590639464,0.1804598684440827,0.9655789058177033,0.03431003303112659,1425,15
1,mae,20,20,Close (PT Updated/final),0.17526130528962033,0.9643724590639464,0.16925586279782512,0.9620353584191144,-0.0453462098135437,1425,20
1,mae,25,25,Close (PT Updated/final),0.17526130528962033,0.9643724590639464,0.1690568432044242,0.9613658268587418,-0.0469810326522456,1425,25
1,mae,35,35,Close (PT Updated/final),0.17526130528962033,0.9643724590639464,0.16752309790627185,0.9582064256246187,-0.08445684344319951,1425,35
1,mae,999,All,Close (PT Updated/final),0.17526130528962033,0.9643724590639464,0.1732833338877329,0.9437313678464342,-0.2060491968712365,1425,60
1,incremental,3,3,Close (PT Updated/final),0.5811626420611292,0.9214465340627273,0.577891431967832,0.9106034895119233,-0.04365667474614632,427,3
1,incremental,5,5,Close (PT Updated/final),0.5361307606726622,0.9324319985199465,0.5433744526600046,0.9409359593698768,0.036327312052114646,429,5
1,incremental,8,8,Close (PT Updated/final),0.27404550192833177,0.9570082953913428,0.28096130837710215,0.9668908419337053,0.05987333699532511,1373,8
1,incremental,10,10,Close (PT Updated/final),0.17526130528962033,0.9643724590639464,0.18136275075148084,0.971714766610264,0.048899045703566714,1425,10
1,incremental,15,15,Close (PT Updated/final),0.17526130528962033,0.9643724590639464,0.1794404607761248,0.9717086946171738,0.04869147704329907,1425,15
1,incremental,20,20,Close (PT Updated/final),0.17526130528962033,0.9643724590639464,0.1797313349061426,0.9725444204442499,0.0615541678775528,1425,20
1,incremental,25,25,Close (PT Updated/final),0.17526130528962033,0.9643724590639464,0.17563459179398802,0.9667953981473468,0.018009099705051268,1425,25
1,incremental,35,35,Close (PT Updated/final),0.17526130528962033,0.9643724590639464,0.172469000553183,0.9526969683430301,-0.07616918569375526,1425,35
1,incremental,999,All,Close (PT Updated/final),0.17526130528962033,0.9643724590639464,0.17328333388773295,0.9437313678464335,-0.20604919687123607,1425,60
2,wilson,3,3,Open,0.19231712058015632,0.983066287198602,0.16852841039947983,0.9864151139621624,0.13196799696142653,1695,3
2,wilson,5,5,Open,0.19231712058015632,0.983066287198602,0.17520941901014653,0.9965746726873072,0.1418725604526267,1695,5
2,wilson,8,8,Open,0.19231712058015632,0.983066287198602,0.17567188519574675,0.995316260472104,0.09758466551685363,1695,8
2,wilson,10,10,Open,0.19231712058015632,0.983066287198602,0.18234983660608714,0.9950469896075123,0.07444761980659848,1695,10
2,wilson,15,15,Open,0.19231712058015632,0.983066287198602,0.18936967194317356,0.9899166922217151,0.04824012506199615,1695,15
2,wilson,20,20,Open,0.19231712058015632,0.983066287198602,0.18982531007232142,0.9877729485874733,0.031346654923986805,1695,20
2,wilson,25,25,Open,0.19231712058015632,0.983066287198602,0.19012617385165542,0.9875667108615311,0.035558689879231775,1695,25
2,wilson,35,35,Open,0.19231712058015632,0.983066287198602,0.18981154378708387,0.9885891941058732,0.05961632025549976,1695,35
2,wilson,999,All,Open,0.19231712058015632,0.983066287198602,0.19156616286936423,0.9860313084626072,0.04228859741833439,1695,58
2,mae,3,3,Open,-0.5209381299854698,1.0164006271855357,-0.24655987675585903,1.0320120154895656,0.5846426912883005,112,3
2,mae,5,5,Open,-0.5209381299854698,1.0164006271855357,-0.4439114454531745,1.0256865760165617,0.23477747083645212,112,5
2,mae,8,8,Open,0.19835802503786068,0.9832799657255702,0.22247255946589495,0.9903912316307772,0.282228150104067,1694,8
2,mae,10,10,Open,0.19231712058015632,0.983066287198602,0.20903854228194946,0.9839770929314726,0.2544019873216987,1695,10
2,mae,15,15,Open,0.19231712058015632,0.983066287198602,0.21877244123600637,0.9836672796705883,0.31295322001101566,1695,15
2,mae,20,20,Open,0.19231712058015632,0.983066287198602,0.21325207266097806,0.9863601225593739,0.2625506717801365,1695,20
2,mae,25,25,Open,0.19231712058015632,0.983066287198602,0.215447080594028,0.9893536224412351,0.23835771086126387,1695,25
2,mae,35,35,Open,0.19231712058015632,0.983066287198602,0.20316346215562667,0.9884674508315654,0.159214272124512,1695,35
2,mae,999,All,Open,0.19231712058015632,0.983066287198602,0.19156616286936404,0.986031308462607,0.042288597418334156,1695,58
2,incremental,3,3,Open,-0.5209381299854698,1.0164006271855357,-0.5033332874273247,1.0261269798175814,0.313920515797018,112,3
2,incremental,5,5,Open,-0.07105276172184179,0.9916593847251073,-0.08404604614641245,0.9895153291479907,0.39965906730090883,1132,5
2,incremental,8,8,Open,-0.09260954300740142,0.9962728436798419,-0.06304970189424482,0.9981485261240322,0.36364578451134205,1137,8
2,incremental,10,10,Open,0.19231712058015632,0.983066287198602,0.19174671156270076,0.9680055510794946,0.35522775897476966,1695,10
2,incremental,15,15,Open,0.19231712058015632,0.983066287198602,0.20977916296677582,0.9716900431669917,0.38263812447463263,1695,15
2,incremental,20,20,Open,0.19231712058015632,0.983066287198602,0.18613303428720346,0.9805340000933337,0.3568990187222733,1695,20
2,incremental,25,25,Open,0.19231712058015632,0.983066287198602,0.18695955713060333,0.9866732798105914,0.2994212131893647,1695,25
2,incremental,35,35,Open,0.19231712058015632,0.983066287198602,0.18532162141571346,0.9945526428524083,0.20260842078687905,1695,35
2,incremental,999,All,Open,0.19231712058015632,0.983066287198602,0.19156616286936415,0.9860313084626078,0.04228859741833445,1695,58
2,wilson,3,3,Midweek,0.11570916906846608,0.9664267649307084,0.11236705027924392,0.9629415983831534,-0.07523961750854391,1693,3
2,wilson,5,5,Midweek,0.11848118628663834,0.9667881297282778,0.12239398587154508,0.9635104758398113,-0.062144429896473286,1695,5
2,wilson,8,8,Midweek,0.11848118628663834,0.9667881297282778,0.11900886590963114,0.9638101378471228,-0.04858258730753407,1695,8
2,wilson,10,10,Midweek,0.11848118628663834,0.9667881297282778,0.11893834210376775,0.9655683168957769,-0.019624812132506567,1695,10
2,wilson,15,15,Midweek,0.11848118628663834,0.9667881297282778,0.1243571815513946,0.9477549983081195,-0.13581634460191352,1695,15
2,wilson,20,20,Midweek,0.11848118628663834,0.9667881297282778,0.12220345695887162,0.9520118041212075,-0.1506628439283115,1695,20
2,wilson,25,25,Midweek,0.11848118628663834,0.9667881297282778,0.11556014544823531,0.9484768824643243,-0.1647253654796727,1695,25
2,wilson,35,35,Midweek,0.11848118628663834,0.9667881297282778,0.10720522206505316,0.9453673605451375,-0.20941646152392948,1695,35
2,wilson,999,All,Midweek,0.11848118628663834,0.9667881297282778,0.10552109742367197,0.9450181666708828,-0.2400941149758713,1695,58
2,mae,3,3,Midweek,-0.661661552339372,1.000816106630844,-0.4120935437321913,1.019462351146725,0.415724846045648,112,3
2,mae,5,5,Midweek,-0.661661552339372,1.000816106630844,-0.7143886404173475,0.9941372946112481,-0.11540470955414922,112,5
2,mae,8,8,Midweek,0.12439042541887071,0.9669855133591279,0.12826179660884396,0.9680957477900445,0.02411875858732726,1694,8
2,mae,10,10,Midweek,0.11848118628663834,0.9667881297282778,0.1136438750066464,0.9659474723431773,-0.03400011249617557,1695,10
2,mae,15,15,Midweek,0.11848118628663834,0.9667881297282778,0.120659293263034,0.9671114333791667,0.013484345367734962,1695,15
2,mae,20,20,Midweek,0.11848118628663834,0.9667881297282778,0.10873424163381065,0.9646058741377936,-0.06242933660423017,1695,20
2,mae,25,25,Midweek,0.11848118628663834,0.9667881297282778,0.10501464144348963,0.9629787680443338,-0.07807806976157988,1695,25
2,mae,35,35,Midweek,0.11848118628663834,0.9667881297282778,0.10015100846515951,0.9595543561040918,-0.12810368654488885,1695,35
2,mae,999,All,Midweek,0.11848118628663834,0.9667881297282778,0.1055210974236719,0.945018166670883,-0.2400941149758714,1695,58
2,incremental,3,3,Midweek,-0.661661552339372,1.000816106630844,-0.6500701344829249,1.0038407801703033,0.062033485087473084,112,3
2,incremental,5,5,Midweek,0.11848118628663834,0.9667881297282778,0.12827427717564663,0.9746425422487935,0.07500507465020478,1695,5
2,incremental,8,8,Midweek,0.11848118628663834,0.9667881297282778,0.11996400453374413,0.970477805436843,0.021097526269170146,1695,8
2,incremental,10,10,Midweek,0.11848118628663834,0.9667881297282778,0.11914772458038314,0.9604095737030456,-0.03100303866350876,1695,10
2,incremental,15,15,Midweek,0.11848118628663834,0.9667881297282778,0.11871984490862925,0.9674264217393214,0.004423991441713001,1695,15
2,incremental,20,20,Midweek,0.11848118628663834,0.9667881297282778,0.117035866902597,0.9615821754123874,-0.03765585037468125,1695,20
2,incremental,25,25,Midweek,0.11848118628663834,0.9667881297282778,0.1120375373122607,0.950055339770242,-0.10521529156438097,1695,25
2,incremental,35,35,Midweek,0.11848118628663834,0.9667881297282778,0.11023592929847903,0.9495054145475379,-0.13703312548940708,1695,35
2,incremental,999,All,Midweek,0.11848118628663834,0.9667881297282778,0.10552109742367197,0.945018166670883,-0.24009411497587219,1695,58
2,wilson,3,3,Close (PT Updated/final),0.16572675832218384,0.9516382980459155,0.17386287492137392,0.9574693371010605,0.05088823768421613,628,3
2,wilson,5,5,Close (PT Updated/final),0.14752991789424225,0.9654640406714826,0.14748419698686333,0.9651071408037546,-0.00636780961934854,1688,5
2,wilson,8,8,Close (PT Updated/final),0.15816915748144594,0.9683020577873387,0.16180892646437917,0.9649176068087852,-0.06228354913555442,1695,8
2,wilson,10,10,Close (PT Updated/final),0.15816915748144594,0.9683020577873387,0.16405007073668462,0.9656574306568293,-0.050410871090838416,1695,10
2,wilson,15,15,Close (PT Updated/final),0.15816915748144594,0.9683020577873387,0.16202256294122502,0.9554042096932729,-0.11880854551491454,1695,15
2,wilson,20,20,Close (PT Updated/final),0.15816915748144594,0.9683020577873387,0.16195231759165507,0.9492546897389107,-0.17126929644676525,1695,20
2,wilson,25,25,Close (PT Updated/final),0.15816915748144594,0.9683020577873387,0.16560743632699254,0.9443507710897626,-0.19153053376443635,1695,25
2,wilson,35,35,Close (PT Updated/final),0.15816915748144594,0.9683020577873387,0.15682426276424713,0.9460634089210814,-0.1987619355135049,1695,35
2,wilson,999,All,Close (PT Updated/final),0.15816915748144594,0.9683020577873387,0.15385644563186815,0.9458398565403717,-0.2454884897061874,1695,58
2,mae,3,3,Close (PT Updated/final),-0.5659329206424909,1.0074640262612573,-0.38640945806011434,1.0221654770301742,0.3548795299189407,112,3
2,mae,5,5,Close (PT Updated/final),-0.5659329206424909,1.0074640262612573,-0.6329926357998152,0.9974020377640587,-0.1844058424523462,112,5
2,mae,8,8,Close (PT Updated/final),0.16411692549858803,0.9685015355223671,0.1636330768262211,0.9683175892627268,-0.003962842154581203,1694,8
2,mae,10,10,Close (PT Updated/final),0.15816915748144594,0.9683020577873387,0.15225360832102403,0.9668493564260298,-0.05737583895824305,1695,10
2,mae,15,15,Close (PT Updated/final),0.15816915748144594,0.9683020577873387,0.15594226667272507,0.9678568713980623,-0.01821208190907958,1695,15
2,mae,20,20,Close (PT Updated/final),0.15816915748144594,0.9683020577873387,0.14752655869171988,0.965081577974764,-0.090687998976341,1695,20
2,mae,25,25,Close (PT Updated/final),0.15816915748144594,0.9683020577873387,0.14409536114340077,0.9631293310015993,-0.10482377330420228,1695,25
2,mae,35,35,Close (PT Updated/final),0.15816915748144594,0.9683020577873387,0.14269576623086763,0.9599028418590643,-0.14705489221952556,1695,35
2,mae,999,All,Close (PT Updated/final),0.15816915748144594,0.9683020577873387,0.15385644563186812,0.9458398565403715,-0.24548848970618722,1695,58
2,incremental,3,3,Close (PT Updated/final),-0.5659329206424909,1.0074640262612573,-0.5643741158711129,1.0082381025937277,0.016890962777503044,112,3
2,incremental,5,5,Close (PT Updated/final),0.15816915748144594,0.9683020577873387,0.15848364211481505,0.9662358632806582,-0.00804666765572043,1695,5
2,incremental,8,8,Close (PT Updated/final),0.15816915748144594,0.9683020577873387,0.1587769940910422,0.965731877744221,-0.014993191634110475,1695,8
2,incremental,10,10,Close (PT Updated/final),0.15816915748144594,0.9683020577873387,0.15899484531922514,0.9628900874712925,-0.03047337533726327,1695,10
2,incremental,15,15,Close (PT Updated/final),0.15816915748144594,0.9683020577873387,0.15711313683378392,0.96058884248718,-0.052712661843205076,1695,15
2,incremental,20,20,Close (PT Updated/final),0.15816915748144594,0.9683020577873387,0.15787313530923297,0.9576214870231983,-0.0695380370497889,1695,20
2,incremental,25,25,Close (PT Updated/final),0.15816915748144594,0.9683020577873387,0.15491594765880737,0.9494326302879649,-0.11813925647654816,1695,25
2,incremental,35,35,Close (PT Updated/final),0.15816915748144594,0.9683020577873387,0.15424967743092616,0.9480293202805891,-0.15776949020138176,1695,35
2,incremental,999,All,Close (PT Updated/final),0.15816915748144594,0.9683020577873387,0.1538564456318682,0.9458398565403713,-0.24548848970618703,1695,58
3,wilson,3,3,Open,0.0894731663875958,0.9858083197789531,0.0691279105288725,0.9970378065068858,0.14694604604851724,2025,3
3,wilson,5,5,Open,0.0914655371318653,0.9858711425505888,0.06952757376529357,0.9986656034762066,0.17624698355330226,2026,5
3,wilson,8,8,Open,0.0914655371318653,0.9858711425505888,0.08131276133635487,0.9950945227323384,0.189208222006414,2026,8
3,wilson,10,10,Open,0.0914655371318653,0.9858711425505888,0.07994703215840541,0.9979469762867836,0.1207121042491302,2026,10
3,wilson,15,15,Open,0.0914655371318653,0.9858711425505888,0.08618020279417404,0.9933226070871177,0.09158804348785499,2026,15
3,wilson,20,20,Open,0.0914655371318653,0.9858711425505888,0.08868000196724216,0.9901090285031192,0.03593633873328417,2026,20
3,wilson,25,25,Open,0.0914655371318653,0.9858711425505888,0.08559443257605677,0.9942750091779419,0.07764289292149379,2026,25
3,wilson,35,35,Open,0.0914655371318653,0.9858711425505888,0.08921796354587619,0.9952087853660737,0.09117031549734195,2026,35
3,wilson,999,All,Open,0.0914655371318653,0.9858711425505888,0.08955278744977682,0.9892481416629263,0.050086950990798185,2026,60
3,mae,3,3,Open,0.06962877302543569,1.0263425039004421,0.13098880749272468,1.0327923138325,0.37429141536625987,322,3
3,mae,5,5,Open,0.06962877302543569,1.0263425039004421,0.11934807262830056,1.0342340485719825,0.3858662006413178,322,5
3,mae,8,8,Open,0.250447827772365,0.9700442034809198,0.30880190390834533,0.9837357833742897,0.28208281007630787,844,8
3,mae,10,10,Open,0.09645925589094342,0.9860532215652679,0.13469602101020975,0.9925906013194057,0.36431321788107773,2025,10
3,mae,15,15,Open,0.0914655371318653,0.9858711425505888,0.11111656477477291,0.9888247796041181,0.34915070387827335,2026,15
3,mae,20,20,Open,0.0914655371318653,0.9858711425505888,0.11118080959768903,0.9901661930863697,0.3471997336402364,2026,20
3,mae,25,25,Open,0.0914655371318653,0.9858711425505888,0.11266520072929034,0.990762798798446,0.27214926223603625,2026,25
3,mae,35,35,Open,0.0914655371318653,0.9858711425505888,0.10072338523601582,0.9920449835260192,0.19709805011331058,2026,35
3,mae,999,All,Open,0.0914655371318653,0.9858711425505888,0.08955278744977657,0.9892481416629263,0.05008695099079832,2026,60
3,incremental,3,3,Open,0.06962877302543569,1.0263425039004421,0.10671491735226031,1.0191154756208283,0.4163513728299111,322,3
3,incremental,5,5,Open,-0.007304391264487493,0.9980556456350607,0.0040002549328219,0.9898133352455663,0.3248130752219644,1345,5
3,incremental,8,8,Open,0.0914655371318653,0.9858711425505888,0.09554067821971625,0.9729953795117882,0.3285394729708091,2026,8
3,incremental,10,10,Open,0.0914655371318653,0.9858711425505888,0.08334295166609745,0.9630900333594157,0.36126739364428917,2026,10
3,incremental,15,15,Open,0.0914655371318653,0.9858711425505888,0.10480812571078882,0.9694582418109494,0.3990014340472965,2026,15
3,incremental,20,20,Open,0.0914655371318653,0.9858711425505888,0.10515523216812682,0.9809552403199397,0.37615515738455263,2026,20
3,incremental,25,25,Open,0.0914655371318653,0.9858711425505888,0.09130770103768943,0.9856854785031137,0.3280143516149138,2026,25
3,incremental,35,35,Open,0.0914655371318653,0.9858711425505888,0.08812387618258519,0.9918992978131411,0.24194327697497314,2026,35
3,incremental,999,All,Open,0.0914655371318653,0.9858711425505888,0.08955278744977674,0.9892481416629274,0.050086950990797435,2026,60
3,wilson,3,3,Midweek,0.007512198845504147,0.96859139745322,0.009888212092534475,0.9689717119615227,0.035329252879598705,2026,3
3,wilson,5,5,Midweek,0.007512198845504147,0.96859139745322,0.006605659742742409,0.9689287303391457,0.019675258798748818,2026,5
3,wilson,8,8,Midweek,0.007512198845504147,0.96859139745322,0.009008954645023865,0.9646656057862651,-0.04294203785713696,2026,8
3,wilson,10,10,Midweek,0.007512198845504147,0.96859139745322,0.009991927301485076,0.9628421404666542,-0.060175799672487595,2026,10
3,wilson,15,15,Midweek,0.007512198845504147,0.96859139745322,0.008306905998412967,0.9662445547990184,-0.028266098311517912,2026,15
3,wilson,20,20,Midweek,0.007512198845504147,0.96859139745322,0.007392099151777252,0.9681661420764301,-0.006891855650256464,2026,20
3,wilson,25,25,Midweek,0.007512198845504147,0.96859139745322,0.00578956568439258,0.9665637732819143,-0.02932972335132164,2026,25
3,wilson,35,35,Midweek,0.007512198845504147,0.96859139745322,0.0007786919703938078,0.9611606916654784,-0.08552508427566863,2026,35
3,wilson,999,All,Midweek,0.007512198845504147,0.96859139745322,0.0003909067118398285,0.9537900869783695,-0.1689655471137413,2026,60
3,mae,3,3,Midweek,-0.11573156080949139,1.015624229390817,-0.03360636284354557,1.0229344794494022,0.24103813372760485,322,3
3,mae,5,5,Midweek,-0.11573156080949139,1.015624229390817,-0.03925328570121314,1.02433419476401,0.2509561301772729,322,5
3,mae,8,8,Midweek,0.19989004553344733,0.9592615557117457,0.2176170791569346,0.9639827438315514,0.06938311719320112,844,8
3,mae,10,10,Midweek,0.012386519157260398,0.9687592731377026,0.0436086866847605,0.9753455019968295,0.1644324388157723,2025,10
3,mae,15,15,Midweek,0.007512198845504147,0.96859139745322,0.021176203215423475,0.9714269807810941,0.09651864860833614,2026,15
3,mae,20,20,Midweek,0.007512198845504147,0.96859139745322,0.022230856162091965,0.9721397588900095,0.10366814833497467,2026,20
3,mae,25,25,Midweek,0.007512198845504147,0.96859139745322,0.013245990666919954,0.9700070433638347,0.03523695860809367,2026,25
3,mae,35,35,Midweek,0.007512198845504147,0.96859139745322,0.0046656797120558325,0.9674281088221118,-0.021781394892173123,2026,35
3,mae,999,All,Midweek,0.007512198845504147,0.96859139745322,0.0003909067118398633,0.9537900869783693,-0.1689655471137405,2026,60
3,incremental,3,3,Midweek,-0.11573156080949139,1.015624229390817,-0.013950321493991115,1.0291402070243487,0.4000199202508692,322,3
3,incremental,5,5,Midweek,0.13412003449540932,0.9568225863933743,0.14290374880352646,0.9604600663337377,0.05138803526514846,839,5
3,incremental,8,8,Midweek,0.007512198845504147,0.96859139745322,0.029624510396290077,0.9798676257098017,0.15086119963455852,2026,8
3,incremental,10,10,Midweek,0.007512198845504147,0.96859139745322,0.03561248343585342,0.9756378172096042,0.1665637371124346,2026,10
3,incremental,15,15,Midweek,0.007512198845504147,0.96859139745322,0.027498302791269535,0.9743627042237883,0.14305326673805535,2026,15
3,incremental,20,20,Midweek,0.007512198845504147,0.96859139745322,0.01499668131823412,0.9754163457310702,0.07943439375438877,2026,20
3,incremental,25,25,Midweek,0.007512198845504147,0.96859139745322,0.007496483649087069,0.9685649390752085,-0.00022603031505999405,2026,25
3,incremental,35,35,Midweek,0.007512198845504147,0.96859139745322,0.005034247717804544,0.9648696996251084,-0.03618541112482568,2026,35
3,incremental,999,All,Midweek,0.007512198845504147,0.96859139745322,0.0003909067118398268,0.9537900869783692,-0.16896554711374107,2026,60
3,wilson,3,3,Close (PT Updated/final),0.2650034066930201,0.9631481195686614,0.25775238429981145,0.959707085350151,-0.03004095589124034,843,3
3,wilson,5,5,Close (PT Updated/final),0.05295478154281039,0.9707594117259797,0.04949232034845932,0.9749480554072222,0.040685163896627685,2025,5
3,wilson,8,8,Close (PT Updated/final),0.05331736475720465,0.9707762151430265,0.05058905016922313,0.9726726839375988,0.028583871345990552,2026,8
3,wilson,10,10,Close (PT Updated/final),0.05331736475720465,0.9707762151430265,0.051509012636875164,0.9714423480462245,0.01917183978665643,2026,10
3,wilson,15,15,Close (PT Updated/final),0.05331736475720465,0.9707762151430265,0.05562386415921658,0.9683685122226612,-0.0386595629292166,2026,15
3,wilson,20,20,Close (PT Updated/final),0.05331736475720465,0.9707762151430265,0.054742201699352885,0.9667343515312892,-0.0653866626430107,2026,20
3,wilson,25,25,Close (PT Updated/final),0.05331736475720465,0.9707762151430265,0.052931475723778876,0.9622780152216792,-0.09667573305941829,2026,25
3,wilson,35,35,Close (PT Updated/final),0.05331736475720465,0.9707762151430265,0.050743094470266696,0.9552281276474972,-0.13935109677472626,2026,35
3,wilson,999,All,Close (PT Updated/final),0.05331736475720465,0.9707762151430265,0.053367043054913604,0.9541213652249714,-0.1890080964148746,2026,60
3,mae,3,3,Close (PT Updated/final),-0.0028810646323818158,1.0206156180361532,0.03875526383870061,1.0258651401512813,0.17912200782760912,322,3
3,mae,5,5,Close (PT Updated/final),-0.0028810646323818158,1.0206156180361532,0.03311369612964076,1.0267628289275446,0.1827369488063465,322,5
3,mae,8,8,Close (PT Updated/final),0.24738764821481216,0.9633637736060594,0.250047392671157,0.9642117681951023,0.012714109583466748,844,8
3,mae,10,10,Close (PT Updated/final),0.05823033772725862,0.9709463161525523,0.07556240039595656,0.9757462723791162,0.11943242145979133,2025,10
3,mae,15,15,Close (PT Updated/final),0.05331736475720465,0.9707762151430265,0.057568541697413114,0.9720776385224816,0.04413284534004608,2026,15
3,mae,20,20,Close (PT Updated/final),0.05331736475720465,0.9707762151430265,0.05857654329368166,0.9726440026176959,0.05422148625893072,2026,20
3,mae,25,25,Close (PT Updated/final),0.05331736475720465,0.9707762151430265,0.05248976074589298,0.970492310736887,-0.007011059094028327,2026,25
3,mae,35,35,Close (PT Updated/final),0.05331736475720465,0.9707762151430265,0.04847863222255177,0.9677716081188422,-0.0558443315436393,2026,35
3,mae,999,All,Close (PT Updated/final),0.05331736475720465,0.9707762151430265,0.05336704305491344,0.9541213652249712,-0.18900809641487437,2026,60
3,incremental,3,3,Close (PT Updated/final),-0.0028810646323818158,1.0206156180361532,0.04833765037605933,1.032179708892614,0.34957829427244624,322,3
3,incremental,5,5,Close (PT Updated/final),0.17926196285655258,0.9613546950380994,0.17969799948210824,0.9615908136605968,0.00343747815080353,839,5
3,incremental,8,8,Close (PT Updated/final),0.05331736475720465,0.9707762151430265,0.06624104271222352,0.980157242169325,0.12482620312966322,2026,8
3,incremental,10,10,Close (PT Updated/final),0.05331736475720465,0.9707762151430265,0.06987318248822444,0.9764513196136261,0.13340358021539414,2026,10
3,incremental,15,15,Close (PT Updated/final),0.05331736475720465,0.9707762151430265,0.05941543512504787,0.976410805583608,0.0805327368997361,2026,15
3,incremental,20,20,Close (PT Updated/final),0.05331736475720465,0.9707762151430265,0.05347418438330553,0.9711348839101298,0.0032794450423615784,2026,20
3,incremental,25,25,Close (PT Updated/final),0.05331736475720465,0.9707762151430265,0.052399958166647755,0.9669897549594326,-0.032236008197082375,2026,25
3,incremental,35,35,Close (PT Updated/final),0.05331736475720465,0.9707762151430265,0.051938187705394885,0.9627017947052563,-0.07929632744488704,2026,35
3,incremental,999,All,Close (PT Updated/final),0.05331736475720465,0.9707762151430265,0.05336704305491364,0.9541213652249713,-0.18900809641487515,2026,60
4,wilson,3,3,Open,0.06593523704339109,0.9919817033657142,0.05559321208593891,1.0025037724661394,0.1296767495513267,2335,3
4,wilson,5,5,Open,0.06765184465383857,0.9920375684967238,0.05936020333396981,1.002025486822589,0.20290782390469825,2336,5
4,wilson,8,8,Open,0.06765184465383857,0.9920375684967238,0.060801904622292346,1.0033246103952287,0.2059109679359798,2336,8
4,wilson,10,10,Open,0.06765184465383857,0.9920375684967238,0.06728038419023576,1.0039593770018997,0.17180869667889653,2336,10
4,wilson,15,15,Open,0.06765184465383857,0.9920375684967238,0.06488234531852184,1.0049343747672421,0.15351550946359896,2336,15
4,wilson,20,20,Open,0.06765184465383857,0.9920375684967238,0.06293109039134694,1.003277071827796,0.13541241012969574,2336,20
4,wilson,25,25,Open,0.06765184465383857,0.9920375684967238,0.06686745375554896,1.0021918649451822,0.14701950786508766,2336,25
4,wilson,35,35,Open,0.06765184465383857,0.9920375684967238,0.06500697757809246,0.9990744695996288,0.09039692173840849,2336,35
4,wilson,999,All,Open,0.06765184465383857,0.9920375684967238,0.06570221581784891,0.9950874229685761,0.05757567797375854,2336,51
4,mae,3,3,Open,-0.12992591145308627,1.0464037309868082,-0.12631219490346066,1.0459022720691542,0.08626962905547383,517,3
4,mae,5,5,Open,0.09819784665674555,0.9846351663360002,0.12642144177779313,0.9959352493938299,0.1859314578178164,1031,5
4,mae,8,8,Open,0.07197488775741592,0.9922007186407282,0.09351832135222703,1.000545642157898,0.2724776136053472,2335,8
4,mae,10,10,Open,0.06765184465383857,0.9920375684967238,0.09693073060567946,0.9990535881072766,0.31490772454941096,2336,10
4,mae,15,15,Open,0.06765184465383857,0.9920375684967238,0.08206812128407721,0.9955699533412841,0.3308483894812293,2336,15
4,mae,20,20,Open,0.06765184465383857,0.9920375684967238,0.08154003403640447,0.9965746984221424,0.2701387794235833,2336,20
4,mae,25,25,Open,0.06765184465383857,0.9920375684967238,0.08469238378313972,0.9952620749489929,0.22039977133346256,2336,25
4,mae,35,35,Open,0.06765184465383857,0.9920375684967238,0.07475399115865233,0.9986187210703166,0.1609493657383567,2336,35
4,mae,999,All,Open,0.06765184465383857,0.9920375684967238,0.06570221581784894,0.9950874229685756,0.05757567797375743,2336,51
4,incremental,3,3,Open,-0.014471263662037714,1.007767160543322,-0.016731654519581782,1.0011815214245863,0.2783556758857365,1544,3
4,incremental,5,5,Open,0.06765184465383857,0.9920375684967238,0.07596953468369563,0.9792412410663425,0.25622271475105396,2336,5
4,incremental,8,8,Open,0.06765184465383857,0.9920375684967238,0.07413176376508428,0.9745670072607353,0.3315624613451668,2336,8
4,incremental,10,10,Open,0.06765184465383857,0.9920375684967238,0.07301919806074135,0.9753962096641242,0.3372993792333982,2336,10
4,incremental,15,15,Open,0.06765184465383857,0.9920375684967238,0.08163037299249415,0.9804937342025424,0.3375158229104803,2336,15
4,incremental,20,20,Open,0.06765184465383857,0.9920375684967238,0.06936864005729595,0.994277089445387,0.3208696831037376,2336,20
4,incremental,25,25,Open,0.06765184465383857,0.9920375684967238,0.06878869145122489,0.9905093788551717,0.26167128954584257,2336,25
4,incremental,35,35,Open,0.06765184465383857,0.9920375684967238,0.06788223472487645,0.9944693289123501,0.17391713320427946,2336,35
4,incremental,999,All,Open,0.06765184465383857,0.9920375684967238,0.06570221581784912,0.9950874229685759,0.05757567797375868,2336,51
4,wilson,3,3,Midweek,-0.008501786821878831,0.9757402036546017,-0.009616424352748417,0.9762951358705257,0.010438532653579635,2336,3
4,wilson,5,5,Midweek,-0.008501786821878831,0.9757402036546017,-0.011555310573938727,0.9754615315402859,0.033352605422438564,2336,5
4,wilson,8,8,Midweek,-0.008501786821878831,0.9757402036546017,-0.010362156011746683,0.9777341744131365,0.08357971215631038,2336,8
4,wilson,10,10,Midweek,-0.008501786821878831,0.9757402036546017,-0.0068301626116851494,0.9772432314245276,0.10296229745164816,2336,10
4,wilson,15,15,Midweek,-0.008501786821878831,0.9757402036546017,-0.005989039136889745,0.9790776225879119,0.06917751930946928,2336,15
4,wilson,20,20,Midweek,-0.008501786821878831,0.9757402036546017,-0.007039598114077108,0.9770094510013524,0.018605285918291026,2336,20
4,wilson,25,25,Midweek,-0.008501786821878831,0.9757402036546017,-0.009831985072947453,0.9737397635287088,-0.026966890903579455,2336,25
4,wilson,35,35,Midweek,-0.008501786821878831,0.9757402036546017,-0.013032161740721974,0.9698891952623949,-0.07156368662822232,2336,35
4,wilson,999,All,Midweek,-0.008501786821878831,0.9757402036546017,-0.013063644128372024,0.9672544473381933,-0.1154009035285434,2336,51
4,mae,3,3,Midweek,-0.25913679431751946,1.0402713265765546,-0.25531814066449154,1.040556762757478,0.023645569211395046,517,3
4,mae,5,5,Midweek,0.04659049292457288,0.9755708478309032,0.056829753174488726,0.9797380887568433,0.051683446320613724,1031,5
4,mae,8,8,Midweek,-0.004274074029432888,0.9758913508799827,0.009085986575360238,0.9803514969801461,0.08660757041283684,2335,8
4,mae,10,10,Midweek,-0.008501786821878831,0.9757402036546017,0.012800989676348502,0.9812557789096791,0.1262210818384194,2336,10
4,mae,15,15,Midweek,-0.008501786821878831,0.9757402036546017,0.006028530096943482,0.9796489789361413,0.12081284124174929,2336,15
4,mae,20,20,Midweek,-0.008501786821878831,0.9757402036546017,-3.2219583064573224e-06,0.9783150999978949,0.06656005744656834,2336,20
4,mae,25,25,Midweek,-0.008501786821878831,0.9757402036546017,-0.004777361251209122,0.9766326535409504,0.02421677924692267,2336,25
4,mae,35,35,Midweek,-0.008501786821878831,0.9757402036546017,-0.011089704747955145,0.9743768020533787,-0.021828085888065618,2336,35
4,mae,999,All,Midweek,-0.008501786821878831,0.9757402036546017,-0.013063644128372028,0.9672544473381933,-0.11540090352854282,2336,51
4,incremental,3,3,Midweek,-0.008501786821878831,0.9757402036546017,0.004544617089949784,0.9751950646287055,0.12118374591123016,2336,3
4,incremental,5,5,Midweek,-0.008501786821878831,0.9757402036546017,0.00995010418163435,0.9837898713689948,0.12139049455779982,2336,5
4,incremental,8,8,Midweek,-0.008501786821878831,0.9757402036546017,0.01420389562115747,0.9805082691026819,0.13877181258192917,2336,8
4,incremental,10,10,Midweek,-0.008501786821878831,0.9757402036546017,0.011852172008883027,0.98240408014902,0.1409089620148687,2336,10
4,incremental,15,15,Midweek,-0.008501786821878831,0.9757402036546017,-0.00040469218071584426,0.9813131993597862,0.11232666264702534,2336,15
4,incremental,20,20,Midweek,-0.008501786821878831,0.9757402036546017,-0.00421378191658576,0.9804611394242112,0.05549624831201955,2336,20
4,incremental,25,25,Midweek,-0.008501786821878831,0.9757402036546017,-0.0085888139752337,0.9756072803715341,-0.0011880503814068466,2336,25
4,incremental,35,35,Midweek,-0.008501786821878831,0.9757402036546017,-0.011318821757950638,0.9721108879963171,-0.03706773105482897,2336,35
4,incremental,999,All,Midweek,-0.008501786821878831,0.9757402036546017,-0.013063644128372043,0.9672544473381942,-0.11540090352854343,2336,51
4,wilson,3,3,Close (PT Updated/final),0.061994121882644936,0.9907312836530462,0.05886822123514112,0.9910396532738937,0.06137561177117304,1503,3
4,wilson,5,5,Close (PT Updated/final),0.028607360243391253,0.9777349357489433,0.02144219504026946,0.9782624674946349,0.06422728768354113,2336,5
4,wilson,8,8,Close (PT Updated/final),0.028607360243391253,0.9777349357489433,0.02799063552359792,0.9812123580351866,0.05285125923153525,2336,8
4,wilson,10,10,Close (PT Updated/final),0.028607360243391253,0.9777349357489433,0.027512472451541068,0.9789460027609265,0.03998024144844242,2336,10
4,wilson,15,15,Close (PT Updated/final),0.028607360243391253,0.9777349357489433,0.028835350649590568,0.9789026165550578,0.023791403301295463,2336,15
4,wilson,20,20,Close (PT Updated/final),0.028607360243391253,0.9777349357489433,0.027520643699859418,0.9755228657328069,-0.033256782212741184,2336,20
4,wilson,25,25,Close (PT Updated/final),0.028607360243391253,0.9777349357489433,0.026035440207173032,0.9741001158592337,-0.052909479887929295,2336,25
4,wilson,35,35,Close (PT Updated/final),0.028607360243391253,0.9777349357489433,0.025697242867503595,0.9694303681746518,-0.10676794865068932,2336,35
4,wilson,999,All,Close (PT Updated/final),0.028607360243391253,0.9777349357489433,0.027917400906960793,0.967218814479498,-0.1396667249176717,2336,51
4,mae,3,3,Close (PT Updated/final),-0.19186834838373992,1.0438776592341064,-0.19172342134808476,1.0439031468382538,0.0015247139964039702,517,3
4,mae,5,5,Close (PT Updated/final),0.08300610169354809,0.9799153910261098,0.08409444039091364,0.9804628512157594,0.006692060218560503,1031,5
4,mae,8,8,Close (PT Updated/final),0.0328628904005107,0.977887467983759,0.037331383716334945,0.9798761113917596,0.037627554751410996,2335,8
4,mae,10,10,Close (PT Updated/final),0.028607360243391253,0.9777349357489433,0.038381328507394126,0.9810476546910786,0.0734932519325765,2336,10
4,mae,15,15,Close (PT Updated/final),0.028607360243391253,0.9777349357489433,0.03405221055190363,0.9799269793610752,0.06475573938511503,2336,15
4,mae,20,20,Close (PT Updated/final),0.028607360243391253,0.9777349357489433,0.030266425883235644,0.9784636437522197,0.018081736987095864,2336,20
4,mae,25,25,Close (PT Updated/final),0.028607360243391253,0.9777349357489433,0.026320819936423476,0.9769872341594095,-0.019409219592331772,2336,25
4,mae,35,35,Close (PT Updated/final),0.028607360243391253,0.9777349357489433,0.02377028948082584,0.9740203972918741,-0.05790184083766531,2336,35
4,mae,999,All,Close (PT Updated/final),0.028607360243391253,0.9777349357489433,0.027917400906960845,0.9672188144794975,-0.13966672491767207,2336,51
4,incremental,3,3,Close (PT Updated/final),0.028607360243391253,0.9777349357489433,0.03735841819414816,0.9769658814254523,0.07524083200467108,2336,3
4,incremental,5,5,Close (PT Updated/final),0.028607360243391253,0.9777349357489433,0.037713729789064426,0.9832751747108733,0.09341416439492956,2336,5
4,incremental,8,8,Close (PT Updated/final),0.028607360243391253,0.9777349357489433,0.042413014737502516,0.9815583049183269,0.10490574506425665,2336,8
4,incremental,10,10,Close (PT Updated/final),0.028607360243391253,0.9777349357489433,0.03965549340518449,0.9827017727688413,0.10150106690271371,2336,10
4,incremental,15,15,Close (PT Updated/final),0.028607360243391253,0.9777349357489433,0.029478459980612187,0.9824093262318947,0.06213817760825353,2336,15
4,incremental,20,20,Close (PT Updated/final),0.028607360243391253,0.9777349357489433,0.02941820457521316,0.9793675651240452,0.018811589574443066,2336,20
4,incremental,25,25,Close (PT Updated/final),0.028607360243391253,0.9777349357489433,0.027760494369504174,0.9741520592194385,-0.03335134089486075,2336,25
4,incremental,35,35,Close (PT Updated/final),0.028607360243391253,0.9777349357489433,0.025549130347530046,0.9708577895058514,-0.06703312252991772,2336,35
4,incremental,999,All,Close (PT Updated/final),0.028607360243391253,0.9777349357489433,0.02791740090696082,0.9672188144794984,-0.13966672491767224,2336,51
5,wilson,3,3,Open,-0.04998513525867161,0.9982514017232033,-0.05912873845402019,1.0051992680575106,0.12130170211987468,2629,3
5,wilson,5,5,Open,-0.04998513525867161,0.9982514017232033,-0.06871591992807723,0.9958266406518229,0.21139116222569132,2629,5
5,wilson,8,8,Open,-0.04998513525867161,0.9982514017232033,-0.06387935033274088,1.00313096651815,0.1965339721838284,2629,8
5,wilson,10,10,Open,-0.04998513525867161,0.9982514017232033,-0.061281823045694045,1.005021556396395,0.22282062906008426,2629,10
5,wilson,15,15,Open,-0.04998513525867161,0.9982514017232033,-0.055708684422389194,1.007948574479982,0.20222379792555495,2629,15
5,wilson,20,20,Open,-0.04998513525867161,0.9982514017232033,-0.05518729017355092,1.009304588674408,0.1359367398137878,2629,20
5,wilson,25,25,Open,-0.04998513525867161,0.9982514017232033,-0.05312730300922107,1.0055410582066937,0.14176196420628878,2629,25
5,wilson,35,35,Open,-0.04998513525867161,0.9982514017232033,-0.05072706179569266,1.0043576645638121,0.11807420178318381,2629,35
5,wilson,999,All,Open,-0.04998513525867161,0.9982514017232033,-0.0513492471415961,1.000897222536928,0.04643683677218463,2629,60
5,mae,3,3,Open,-0.1683178341791027,1.0056951456545946,-0.14961698833169834,1.0102033944557165,0.17092594087331758,1747,3
5,mae,5,5,Open,-0.04619108595153037,0.9983877112370959,-0.022123948026407467,1.005020823070745,0.2133299759081142,2628,5
5,mae,8,8,Open,-0.04998513525867161,0.9982514017232033,-0.037625249588550375,0.9992367385290745,0.23516360779347767,2629,8
5,mae,10,10,Open,-0.04998513525867161,0.9982514017232033,-0.042626133107010314,0.9992749144837327,0.2855428219349466,2629,10
5,mae,15,15,Open,-0.04998513525867161,0.9982514017232033,-0.0341948532325136,1.001674514807387,0.30878384568742623,2629,15
5,mae,20,20,Open,-0.04998513525867161,0.9982514017232033,-0.03587425385553255,1.0060847013623957,0.25956326678118224,2629,20
5,mae,25,25,Open,-0.04998513525867161,0.9982514017232033,-0.03351032548679034,1.0024344156515195,0.23727188256739346,2629,25
5,mae,35,35,Open,-0.04998513525867161,0.9982514017232033,-0.03961412927353362,1.0029030038536182,0.18266840717590416,2629,35
5,mae,999,All,Open,-0.04998513525867161,0.9982514017232033,-0.0513492471415961,1.000897222536928,0.04643683677218463,2629,60
5,incremental,3,3,Open,-0.3387666606202458,1.0289980940834507,-0.36986611239997486,1.0292510199598501,0.16421118541100416,724,3
5,incremental,5,5,Open,-0.17253008128865016,1.0134460844652107,-0.16531704087171536,1.0035517901383684,0.3034198401538436,1837,5
5,incremental,8,8,Open,-0.04998513525867161,0.9982514017232033,-0.04689278951457861,0.980669615497108,0.35969548663031,2629,8
5,incremental,10,10,Open,-0.04998513525867161,0.9982514017232033,-0.04081470388521663,0.9778659561417753,0.3552857002766744,2629,10
5,incremental,15,15,Open,-0.04998513525867161,0.9982514017232033,-0.04710849576757274,0.9860000094042602,0.3507653505756431,2629,15
5,incremental,20,20,Open,-0.04998513525867161,0.9982514017232033,-0.05932630179044318,0.9870701306833227,0.31593144548120733,2629,20
5,incremental,25,25,Open,-0.04998513525867161,0.9982514017232033,-0.05472680911135125,0.991355854599559,0.281959354779108,2629,25
5,incremental,35,35,Open,-0.04998513525867161,0.9982514017232033,-0.05149247845093547,0.9977557133739943,0.1973870762340349,2629,35
5,incremental,999,All,Open,-0.04998513525867161,0.9982514017232033,-0.05134924714159615,1.000897222536927,0.04643683677218502,2629,60
5,wilson,3,3,Midweek,-0.11626705992642987,0.9810390155027295,-0.11618867749729775,0.9800993131602966,0.03406098540217101,2629,3
5,wilson,5,5,Midweek,-0.11626705992642987,0.9810390155027295,-0.11799559971574958,0.9822941773919688,0.048027638612182955,2629,5
5,wilson,8,8,Midweek,-0.11626705992642987,0.9810390155027295,-0.1166966153065306,0.9821647793804595,0.06251477884903661,2629,8
5,wilson,10,10,Midweek,-0.11626705992642987,0.9810390155027295,-0.11599319363575772,0.9835418520055633,0.09087718736795536,2629,10
5,wilson,15,15,Midweek,-0.11626705992642987,0.9810390155027295,-0.11500947871616637,0.9853357904827205,0.08267298552878138,2629,15
5,wilson,20,20,Midweek,-0.11626705992642987,0.9810390155027295,-0.11620734273887916,0.9825862872032749,0.021887732439877287,2629,20
5,wilson,25,25,Midweek,-0.11626705992642987,0.9810390155027295,-0.1162219523616564,0.9811477890006971,0.0014216089897803874,2629,25
5,wilson,35,35,Midweek,-0.11626705992642987,0.9810390155027295,-0.11636185170899739,0.9809410014097919,-0.0016254434379453508,2629,35
5,wilson,999,All,Midweek,-0.11626705992642987,0.9810390155027295,-0.11942311760501564,0.9736484847284113,-0.09462570506833423,2629,60
5,mae,3,3,Midweek,-0.22111503077051003,0.9930192034909999,-0.22782436226625175,0.9910843136394892,-0.041911422902541795,1747,3
5,mae,5,5,Midweek,-0.11255333540073673,0.9811654681293813,-0.10265195131462468,0.9840928639462718,0.0558328697789513,2628,5
5,mae,8,8,Midweek,-0.11626705992642987,0.9810390155027295,-0.10974453962626661,0.9824338120210016,0.054915869436399034,2629,8
5,mae,10,10,Midweek,-0.11626705992642987,0.9810390155027295,-0.10807721847953743,0.9832071420145162,0.08900445003970991,2629,10
5,mae,15,15,Midweek,-0.11626705992642987,0.9810390155027295,-0.10292054343195738,0.9848338530359406,0.11415238894420077,2629,15
5,mae,20,20,Midweek,-0.11626705992642987,0.9810390155027295,-0.10782803043982468,0.9847307578883449,0.07098926961858953,2629,20
5,mae,25,25,Midweek,-0.11626705992642987,0.9810390155027295,-0.10818967980167657,0.983428902461406,0.05992743308860837,2629,25
5,mae,35,35,Midweek,-0.11626705992642987,0.9810390155027295,-0.1132841153718734,0.982212680518883,0.024528207091265464,2629,35
5,mae,999,All,Midweek,-0.11626705992642987,0.9810390155027295,-0.11942311760501562,0.973648484728411,-0.09462570506833401,2629,60
5,incremental,3,3,Midweek,-0.9656364334358367,0.9748638737865453,-0.9821765423009234,0.9499826510792476,0.4716242108579782,212,3
5,incremental,5,5,Midweek,-0.11924738547798756,0.9766474836364041,-0.11244905860107185,0.994418351847336,0.2269638626156378,1242,5
5,incremental,8,8,Midweek,-0.11255333540073673,0.9811654681293813,-0.07937675878030147,0.9860648780204803,0.20616492074755022,2628,8
5,incremental,10,10,Midweek,-0.11626705992642987,0.9810390155027295,-0.08850414044630432,0.9802523293036723,0.1675197465832554,2629,10
5,incremental,15,15,Midweek,-0.11626705992642987,0.9810390155027295,-0.10368142958556309,0.9882578211974642,0.15416898266827406,2629,15
5,incremental,20,20,Midweek,-0.11626705992642987,0.9810390155027295,-0.10829372783623985,0.9878086766768055,0.1131830640021968,2629,20
5,incremental,25,25,Midweek,-0.11626705992642987,0.9810390155027295,-0.11024232900281954,0.9865644608602102,0.07626421098960612,2629,25
5,incremental,35,35,Midweek,-0.11626705992642987,0.9810390155027295,-0.11519297518555777,0.9821102877753942,0.01450535308590617,2629,35
5,incremental,999,All,Midweek,-0.11626705992642987,0.9810390155027295,-0.11942311760501566,0.9736484847284106,-0.09462570506833445,2629,60
5,wilson,3,3,Close (PT Updated/final),-0.08875079155885095,0.9845718605747197,-0.09139089277429761,0.985675937356488,0.022684603623654764,2628,3
5,wilson,5,5,Close (PT Updated/final),-0.08847042754219508,0.984584841266219,-0.08978942228573972,0.9844852226133021,0.01288346608738078,2629,5
5,wilson,8,8,Close (PT Updated/final),-0.08847042754219508,0.984584841266219,-0.0882533807115018,0.984510975748808,-0.0020881557107395032,2629,8
5,wilson,10,10,Close (PT Updated/final),-0.08847042754219508,0.984584841266219,-0.08957058073442302,0.9851481936127864,0.012281906818545574,2629,10
5,wilson,15,15,Close (PT Updated/final),-0.08847042754219508,0.984584841266219,-0.08900890990214154,0.9852782378181983,0.016704967512572444,2629,15
5,wilson,20,20,Close (PT Updated/final),-0.08847042754219508,0.984584841266219,-0.088652494592985,0.9835412386219637,-0.015344965800100058,2629,20
5,wilson,25,25,Close (PT Updated/final),-0.08847042754219508,0.984584841266219,-0.08844806828776916,0.9833567431181438,-0.024209897845297833,2629,25
5,wilson,35,35,Close (PT Updated/final),-0.08847042754219508,0.984584841266219,-0.08966726961247456,0.9816520474885976,-0.046653975729557096,2629,35
5,wilson,999,All,Close (PT Updated/final),-0.08847042754219508,0.984584841266219,-0.08942442747664109,0.9745030787788161,-0.12857466576368304,2629,60
5,mae,3,3,Close (PT Updated/final),-0.18625713676507674,0.9973140229281031,-0.20030269421993604,0.9921943568828504,-0.1110260699875315,1747,3
5,mae,5,5,Close (PT Updated/final),-0.0847330459187606,0.9847126689508324,-0.08421657255324151,0.9848923767732141,0.0034281350794007626,2628,5
5,mae,8,8,Close (PT Updated/final),-0.08847042754219508,0.984584841266219,-0.08838384261878515,0.9846090142660435,0.0009478826625948233,2629,8
5,mae,10,10,Close (PT Updated/final),-0.08847042754219508,0.984584841266219,-0.08670635449136423,0.9852516389625817,0.027326107441462355,2629,10
5,mae,15,15,Close (PT Updated/final),-0.08847042754219508,0.984584841266219,-0.08407130915959359,0.9862234647743203,0.049034068046312274,2629,15
5,mae,20,20,Close (PT Updated/final),-0.08847042754219508,0.984584841266219,-0.08741771868163209,0.9851809871183675,0.01141709467812102,2629,20
5,mae,25,25,Close (PT Updated/final),-0.08847042754219508,0.984584841266219,-0.08799766436698299,0.984760809950024,0.004386654621557962,2629,25
5,mae,35,35,Close (PT Updated/final),-0.08847042754219508,0.984584841266219,-0.0906139621316905,0.98349609415995,-0.02260436091292406,2629,35
5,mae,999,All,Close (PT Updated/final),-0.08847042754219508,0.984584841266219,-0.08942442747664109,0.9745030787788161,-0.12857466576368337,2629,60
5,incremental,3,3,Close (PT Updated/final),-1.0678769546827525,0.9807575491007944,-1.03399992139567,0.9540393577655645,0.4580772942405142,212,3
5,incremental,5,5,Close (PT Updated/final),-0.39153176592769734,1.021517820884902,-0.39849108426739144,1.024636944601295,0.0814576621611845,724,5
5,incremental,8,8,Close (PT Updated/final),-0.08847042754219508,0.984584841266219,-0.07309673573389396,0.9854412597955513,0.12284185870302233,2629,8
5,incremental,10,10,Close (PT Updated/final),-0.08847042754219508,0.984584841266219,-0.07519717630857709,0.9876009742302863,0.10825757862035978,2629,10
5,incremental,15,15,Close (PT Updated/final),-0.08847042754219508,0.984584841266219,-0.08247558200486471,0.9900806365943903,0.11526175938731831,2629,15
5,incremental,20,20,Close (PT Updated/final),-0.08847042754219508,0.984584841266219,-0.08697965708577912,0.9888660558418834,0.05233073075296951,2629,20
5,incremental,25,25,Close (PT Updated/final),-0.08847042754219508,0.984584841266219,-0.08702505518489137,0.9865726254621294,0.02731973580119118,2629,25
5,incremental,35,35,Close (PT Updated/final),-0.08847042754219508,0.984584841266219,-0.08994608233644809,0.9823017826353503,-0.032570958290740526,2629,35
5,incremental,999,All,Close (PT Updated/final),-0.08847042754219508,0.984584841266219,-0.08942442747664107,0.9745030787788164,-0.12857466576368332,2629,60
6,wilson,3,3,Open,-0.04310394687316104,0.9997722380399292,-0.060172181129698146,1.008947406205321,0.15828144092706975,2947,3
6,wilson,5,5,Open,-0.04310394687316104,0.9997722380399292,-0.05971589165953286,1.0147876937094131,0.23108137894102554,2947,5
6,wilson,8,8,Open,-0.04310394687316104,0.9997722380399292,-0.058038145253515284,1.0073320421469036,0.25301069138860577,2947,8
6,wilson,10,10,Open,-0.04310394687316104,0.9997722380399292,-0.052849853779143356,1.007670702528224,0.25226434135722786,2947,10
6,wilson,15,15,Open,-0.04310394687316104,0.9997722380399292,-0.05613623355963498,1.0067860877229227,0.2084975226040705,2947,15
6,wilson,20,20,Open,-0.04310394687316104,0.9997722380399292,-0.0510442235815185,1.005521589069196,0.15820821225888015,2947,20
6,wilson,25,25,Open,-0.04310394687316104,0.9997722380399292,-0.04646539933115645,1.0046374477826205,0.0966145049721766,2947,25
6,wilson,35,35,Open,-0.04310394687316104,0.9997722380399292,-0.04549018889112847,1.00287386601907,0.07011446701576551,2947,35
6,wilson,999,All,Open,-0.04310394687316104,0.9997722380399292,-0.04363596661400134,1.0004011490939178,0.011345781337385175,2947,61
6,mae,3,3,Open,-0.0424705851139034,1.0135110502486921,-0.023281844879029023,1.019042362190608,0.23048778416545068,1957,3
6,mae,5,5,Open,-0.039719314494909064,0.9998968464409612,-0.023948000686026313,1.0044880170274229,0.27021177249416495,2946,5
6,mae,8,8,Open,-0.04310394687316104,0.9997722380399292,-0.03444345949073961,0.9956018058242244,0.2868795424149573,2947,8
6,mae,10,10,Open,-0.04310394687316104,0.9997722380399292,-0.027777071012038742,1.0015756976107766,0.25512932639229746,2947,10
6,mae,15,15,Open,-0.04310394687316104,0.9997722380399292,-0.03348124021440922,1.0043529976192938,0.23086352080519912,2947,15
6,mae,20,20,Open,-0.04310394687316104,0.9997722380399292,-0.02985250616018892,1.0038142161843355,0.23144621098231644,2947,20
6,mae,25,25,Open,-0.04310394687316104,0.9997722380399292,-0.031078398676781294,1.0031662756271154,0.23656448801826058,2947,25
6,mae,35,35,Open,-0.04310394687316104,0.9997722380399292,-0.03477168722388624,1.0041133467888927,0.18307454378716093,2947,35
6,mae,999,All,Open,-0.04310394687316104,0.9997722380399292,-0.04363596661400135,1.0004011490939173,0.01134578133738584,2947,61
6,incremental,3,3,Open,0.06131051112187228,1.0008477621608955,0.07556059842085397,1.005001389150304,0.2151969489076632,1453,3
6,incremental,5,5,Open,-0.04310394687316104,0.9997722380399292,-0.025729005345702154,1.0035509579654232,0.3278036489103744,2947,5
6,incremental,8,8,Open,-0.04310394687316104,0.9997722380399292,-0.0406513793434281,0.9855114350874035,0.3492594490434239,2947,8
6,incremental,10,10,Open,-0.04310394687316104,0.9997722380399292,-0.03729413323430565,0.9876488003704265,0.35257904065375945,2947,10
6,incremental,15,15,Open,-0.04310394687316104,0.9997722380399292,-0.03400346420484744,0.9860851117298051,0.35589501594459366,2947,15
6,incremental,20,20,Open,-0.04310394687316104,0.9997722380399292,-0.04787764920684774,0.9864030550714682,0.31371812598494847,2947,20
6,incremental,25,25,Open,-0.04310394687316104,0.9997722380399292,-0.04742666428792621,0.9939924447947477,0.2697607649156848,2947,25
6,incremental,35,35,Open,-0.04310394687316104,0.9997722380399292,-0.049412888200468845,0.9966663952715448,0.19539096889718588,2947,35
6,incremental,999,All,Open,-0.04310394687316104,0.9997722380399292,-0.04363596661400136,1.0004011490939169,0.011345781337385619,2947,61
6,wilson,3,3,Midweek,-0.10373828359634614,0.9820804742390125,-0.1125745768653166,0.9777130204194773,0.062481632351296,2946,3
6,wilson,5,5,Midweek,-0.10347590163184282,0.9820929171024071,-0.10878310334821409,0.9820580503772469,0.08809482040139216,2947,5
6,wilson,8,8,Midweek,-0.10347590163184282,0.9820929171024071,-0.10420226026081017,0.985752407243808,0.09231932834729656,2947,8
6,wilson,10,10,Midweek,-0.10347590163184282,0.9820929171024071,-0.10278077583880005,0.983771277365193,0.08640654776787854,2947,10
6,wilson,15,15,Midweek,-0.10347590163184282,0.9820929171024071,-0.1033411407897784,0.9836309896437229,0.06380926665027364,2947,15
6,wilson,20,20,Midweek,-0.10347590163184282,0.9820929171024071,-0.10332841381921296,0.9835078126766139,0.028772508038187372,2947,20
6,wilson,25,25,Midweek,-0.10347590163184282,0.9820929171024071,-0.10395799808359672,0.9792935613087249,-0.042812441070809115,2947,25
6,wilson,35,35,Midweek,-0.10347590163184282,0.9820929171024071,-0.10534029369687703,0.9784071703781118,-0.05099545509643444,2947,35
6,wilson,999,All,Midweek,-0.10347590163184282,0.9820929171024071,-0.10464598748585525,0.9731436342128593,-0.11640334473187064,2947,61
6,mae,3,3,Midweek,-0.08199777444122013,0.9993741150817897,-0.07722078630988839,1.0011191545504936,0.039429587323488335,1957,3
6,mae,5,5,Midweek,-0.10016118418512171,0.9822086271031525,-0.08571303762021443,0.9869557871286418,0.12274180039138405,2946,5
6,mae,8,8,Midweek,-0.10347590163184282,0.9820929171024071,-0.09241204419262987,0.9830582403408343,0.1211008659395777,2947,8
6,mae,10,10,Midweek,-0.10347590163184282,0.9820929171024071,-0.09228369089109044,0.9848460670633589,0.0933180619420596,2947,10
6,mae,15,15,Midweek,-0.10347590163184282,0.9820929171024071,-0.09630187889055068,0.9851094225474454,0.07119564829679215,2947,15
6,mae,20,20,Midweek,-0.10347590163184282,0.9820929171024071,-0.09365907676727861,0.9854955702764993,0.08428246241372195,2947,20
6,mae,25,25,Midweek,-0.10347590163184282,0.9820929171024071,-0.09487155806050916,0.9849785184293373,0.07804434399776627,2947,25
6,mae,35,35,Midweek,-0.10347590163184282,0.9820929171024071,-0.09962432738212515,0.983797997917323,0.03690584872563529,2947,35
6,mae,999,All,Midweek,-0.10347590163184282,0.9820929171024071,-0.10464598748585525,0.9731436342128594,-0.11640334473187025,2947,61
6,incremental,3,3,Midweek,-0.12756511247906124,1.0271710331446935,-0.11167712703327437,1.0364667546359019,0.22217849331244546,937,3
6,incremental,5,5,Midweek,0.017152100224191048,0.9874998919144289,0.031278989222178394,0.9960428948909014,0.1622392839676305,1455,5
6,incremental,8,8,Midweek,-0.10347590163184282,0.9820929171024071,-0.07972056000839335,0.9863045013119206,0.19832537571660458,2947,8
6,incremental,10,10,Midweek,-0.10347590163184282,0.9820929171024071,-0.08135644749222112,0.9852423748153188,0.20182450744967784,2947,10
6,incremental,15,15,Midweek,-0.10347590163184282,0.9820929171024071,-0.09208431658043027,0.9860594073148812,0.17418208418064396,2947,15
6,incremental,20,20,Midweek,-0.10347590163184282,0.9820929171024071,-0.09244415543534502,0.9889528700437425,0.14883073795659396,2947,20
6,incremental,25,25,Midweek,-0.10347590163184282,0.9820929171024071,-0.09649461829278798,0.9877577043459208,0.11635833150109154,2947,25
6,incremental,35,35,Midweek,-0.10347590163184282,0.9820929171024071,-0.10058483864281506,0.9847528044451237,0.043783799596995854,2947,35
6,incremental,999,All,Midweek,-0.10347590163184282,0.9820929171024071,-0.10464598748585524,0.9731436342128593,-0.11640334473187153,2947,61
6,wilson,3,3,Close (PT Updated/final),-0.0753589938554374,0.9857015239967453,-0.08114960252363901,0.9833663770700987,0.03361031780599044,2946,3
6,wilson,5,5,Close (PT Updated/final),-0.07511756424078918,0.9857130070150469,-0.07557388326633849,0.985706614604082,0.005731043507342659,2947,5
6,wilson,8,8,Close (PT Updated/final),-0.07511756424078918,0.9857130070150469,-0.07519113180879029,0.9857764645201423,0.0020897903073650026,2947,8
6,wilson,10,10,Close (PT Updated/final),-0.07511756424078918,0.9857130070150469,-0.07275531792973264,0.984802491501694,-0.029778037512505295,2947,10
6,wilson,15,15,Close (PT Updated/final),-0.07511756424078918,0.9857130070150469,-0.07499214023582632,0.9856173286035685,-0.00313640841471452,2947,15
6,wilson,20,20,Close (PT Updated/final),-0.07511756424078918,0.9857130070150469,-0.07507134226221251,0.9856257410114229,-0.0029650459187672285,2947,20
6,wilson,25,25,Close (PT Updated/final),-0.07511756424078918,0.9857130070150469,-0.0752180945427579,0.9841825215832765,-0.03183881208575762,2947,25
6,wilson,35,35,Close (PT Updated/final),-0.07511756424078918,0.9857130070150469,-0.07557155575954203,0.9793474248604328,-0.08812886992364793,2947,35
6,wilson,999,All,Close (PT Updated/final),-0.07511756424078918,0.9857130070150469,-0.07262111652082692,0.9740602664633681,-0.15066658851100434,2947,61
6,mae,3,3,Close (PT Updated/final),-0.0503080948451712,1.0034858065182848,-0.05304778706324809,1.002146616417878,-0.03014809499884541,1957,3
6,mae,5,5,Close (PT Updated/final),-0.0717812663143838,0.985829982964486,-0.06599629264771371,0.9883239105102593,0.06429449004414922,2946,5
6,mae,8,8,Close (PT Updated/final),-0.07511756424078918,0.9857130070150469,-0.07142390143918223,0.9861996429554795,0.05886285760202292,2947,8
6,mae,10,10,Close (PT Updated/final),-0.07511756424078918,0.9857130070150469,-0.07206102092660945,0.9867042244314911,0.03324244620876071,2947,10
6,mae,15,15,Close (PT Updated/final),-0.07511756424078918,0.9857130070150469,-0.07431521467557138,0.9861811054769782,0.010969037854127062,2947,15
6,mae,20,20,Close (PT Updated/final),-0.07511756424078918,0.9857130070150469,-0.07273280146393941,0.9868062177911432,0.026855494533128077,2947,20
6,mae,25,25,Close (PT Updated/final),-0.07511756424078918,0.9857130070150469,-0.07352892541944422,0.9864319965398207,0.019261813288972918,2947,25
6,mae,35,35,Close (PT Updated/final),-0.07511756424078918,0.9857130070150469,-0.07614895853398694,0.9850871006937085,-0.013419877583641604,2947,35
6,mae,999,All,Close (PT Updated/final),-0.07511756424078918,0.9857130070150469,-0.07262111652082696,0.9740602664633677,-0.15066658851100434,2947,61
6,incremental,3,3,Close (PT Updated/final),-0.1112635278367898,1.0319003796390736,-0.10108562424175038,1.0397518344203336,0.18793520701546626,937,3
6,incremental,5,5,Close (PT Updated/final),-0.1112635278367898,1.0319003796390736,-0.10361598344335532,1.0374065296091834,0.22010145319134172,937,5
6,incremental,8,8,Close (PT Updated/final),-0.0717812663143838,0.985829982964486,-0.05599233645484733,0.9888442737199937,0.16732515716462126,2946,8
6,incremental,10,10,Close (PT Updated/final),-0.07511756424078918,0.9857130070150469,-0.06327896800371442,0.9880146647200287,0.1457842449975617,2947,10
6,incremental,15,15,Close (PT Updated/final),-0.07511756424078918,0.9857130070150469,-0.07297483377199947,0.9898733996241142,0.11401506835940967,2947,15
6,incremental,20,20,Close (PT Updated/final),-0.07511756424078918,0.9857130070150469,-0.07301412233515472,0.9908844914940316,0.0743007262403721,2947,20
6,incremental,25,25,Close (PT Updated/final),-0.07511756424078918,0.9857130070150469,-0.07337824562208749,0.9889033511964815,0.05732428277217516,2947,25
6,incremental,35,35,Close (PT Updated/final),-0.07511756424078918,0.9857130070150469,-0.07566513444337493,0.9845525510697948,-0.016587028927941283,2947,35
6,incremental,999,All,Close (PT Updated/final),-0.07511756424078918,0.9857130070150469,-0.07262111652082692,0.9740602664633689,-0.15066658851100412,2947,61
7,wilson,3,3,Open,-0.15266528248260658,1.018691624813086,-0.12869610973171408,1.0228338415052303,0.16172892046320364,2430,3
7,wilson,5,5,Open,-0.05096711332708573,1.0056023629416202,-0.061204272412687215,1.0153165067611636,0.18592462649603647,3229,5
7,wilson,8,8,Open,-0.05096711332708573,1.0056023629416202,-0.06930698775212865,1.0088799698756055,0.17757226886649236,3229,8
7,wilson,10,10,Open,-0.05096711332708573,1.0056023629416202,-0.06723040495947213,1.0117919104682536,0.18688915969644637,3229,10
7,wilson,15,15,Open,-0.05096711332708573,1.0056023629416202,-0.05493310546428826,1.0157013391621332,0.13152919186298784,3229,15
7,wilson,20,20,Open,-0.05096711332708573,1.0056023629416202,-0.05398297046046112,1.0132768420482758,0.12268680485571504,3229,20
7,wilson,25,25,Open,-0.05096711332708573,1.0056023629416202,-0.052548516136774207,1.0108659781810108,0.08886417076567454,3229,25
7,wilson,35,35,Open,-0.05096711332708573,1.0056023629416202,-0.051180358563410855,1.0101082570883024,0.11288608817526581,3229,35
7,wilson,999,All,Open,-0.05096711332708573,1.0056023629416202,-0.05123679521452031,1.009010796410672,0.073610022471047,3229,59
7,mae,3,3,Open,1.9758215529055778,0.9821222204363842,2.148291003833666,0.896001438780482,-0.8813686329276389,74,3
7,mae,5,5,Open,1.9758215529055778,0.9821222204363842,2.136466213387237,0.9495883645867612,-0.8069702675917917,74,5
7,mae,8,8,Open,-0.0341456485765519,1.0199569190194988,-0.028787400747943025,1.0182548725934142,0.08586906604682959,621,8
7,mae,10,10,Open,-0.08042840402942573,1.0336762695008779,-0.07952976457408409,1.0337293185100136,0.014702838194399936,1136,10
7,mae,15,15,Open,-0.05096711332708573,1.0056023629416202,-0.04131603220072066,1.007662887004798,0.23384857519673496,3229,15
7,mae,20,20,Open,-0.05096711332708573,1.0056023629416202,-0.040556754735714774,1.0100012855006915,0.23473509300125595,3229,20
7,mae,25,25,Open,-0.05096711332708573,1.0056023629416202,-0.04160180114180948,1.0095279187880632,0.25636805234535637,3229,25
7,mae,35,35,Open,-0.05096711332708573,1.0056023629416202,-0.041012347041394205,1.011485969117161,0.2175750319149577,3229,35
7,mae,999,All,Open,-0.05096711332708573,1.0056023629416202,-0.05123679521452033,1.009010796410672,0.07361002247104666,3229,59
7,incremental,3,3,Open,0.0662168608001929,1.0040242523747211,0.0834362466301671,0.998959621732496,0.17743434783290335,1674,3
7,incremental,5,5,Open,-0.05221356244407893,1.0053985736887716,-0.04738128240390136,0.9888220532419052,0.2703833024260991,3227,5
7,incremental,8,8,Open,-0.05096711332708573,1.0056023629416202,-0.03463722451570399,0.985307393046195,0.34205542003771655,3229,8
7,incremental,10,10,Open,-0.05096711332708573,1.0056023629416202,-0.03467505940580844,0.9896553809218077,0.34144229850392166,3229,10
7,incremental,15,15,Open,-0.05096711332708573,1.0056023629416202,-0.039675032162816835,0.9894415912893096,0.3313696482228744,3229,15
7,incremental,20,20,Open,-0.05096711332708573,1.0056023629416202,-0.050629420313080584,0.9930546746399209,0.30828270616305553,3229,20
7,incremental,25,25,Open,-0.05096711332708573,1.0056023629416202,-0.05481089434008827,0.997689903091239,0.28386290141129217,3229,25
7,incremental,35,35,Open,-0.05096711332708573,1.0056023629416202,-0.054254063263659905,1.0034195371587318,0.21504692212358473,3229,35
7,incremental,999,All,Open,-0.05096711332708573,1.0056023629416202,-0.051236795214520375,1.009010796410672,0.07361002247104755,3229,59
7,wilson,3,3,Midweek,-0.10425952117210621,0.9886261566261756,-0.11006007001241172,0.9856741445124968,0.06313009794723912,3226,3
7,wilson,5,5,Midweek,-0.10266163501143916,0.9888389038776907,-0.10450540048425633,0.9912764825945797,0.0877167806729171,3229,5
7,wilson,8,8,Midweek,-0.10266163501143916,0.9888389038776907,-0.09912120021273907,0.9907579317771228,0.11271123186976029,3229,8
7,wilson,10,10,Midweek,-0.10266163501143916,0.9888389038776907,-0.10463003447427341,0.9902296380583427,0.0762924942986043,3229,10
7,wilson,15,15,Midweek,-0.10266163501143916,0.9888389038776907,-0.10272536691183341,0.9896133400047085,0.045442280644712896,3229,15
7,wilson,20,20,Midweek,-0.10266163501143916,0.9888389038776907,-0.10252610306076859,0.9896091878631945,0.013949757955060926,3229,20
7,wilson,25,25,Midweek,-0.10266163501143916,0.9888389038776907,-0.10269473078072364,0.9887840043377932,-0.0009490012885378096,3229,25
7,wilson,35,35,Midweek,-0.10266163501143916,0.9888389038776907,-0.10519064972078716,0.9858236698914651,-0.04722408699583791,3229,35
7,wilson,999,All,Midweek,-0.10266163501143916,0.9888389038776907,-0.10623097847641552,0.9834944759582677,-0.07868635570937799,3229,59
7,mae,3,3,Midweek,2.1034926460809458,0.9645707705609667,2.425925648610814,0.8471783922799383,-1.0349820635801752,74,3
7,mae,5,5,Midweek,2.1034926460809458,0.9645707705609667,2.3968067709210765,0.9123579592337092,-0.901211408659828,74,5
7,mae,8,8,Midweek,0.0368147012721969,0.998884654884331,0.03669837882082227,0.9989430819602818,0.010861703600043036,621,8
7,mae,10,10,Midweek,-0.09390331586570305,1.019043635479209,-0.1010004013630272,1.0166389663015414,-0.09962720867100026,1136,10
7,mae,15,15,Midweek,-0.10266163501143916,0.9888389038776907,-0.09837900869874766,0.9902671804013197,0.046437540752789386,3229,15
7,mae,20,20,Midweek,-0.10266163501143916,0.9888389038776907,-0.09789001129711417,0.9909185513882249,0.0503380451509039,3229,20
7,mae,25,25,Midweek,-0.10266163501143916,0.9888389038776907,-0.09637562610708018,0.9915614109900772,0.07212929836605142,3229,25
7,mae,35,35,Midweek,-0.10266163501143916,0.9888389038776907,-0.09799861744394293,0.9912545587098471,0.04869042567420068,3229,35
7,mae,999,All,Midweek,-0.10266163501143916,0.9888389038776907,-0.1062309784764155,0.9834944759582678,-0.07868635570937743,3229,59
7,incremental,3,3,Midweek,2.1034926460809458,0.9645707705609667,2.0874001904235806,0.990572457494499,0.10385442577002485,74,3
7,incremental,5,5,Midweek,-0.007302409481519872,0.9939822856533644,-0.0004816005150120265,0.9993672952178416,0.10561412237417664,1678,5
7,incremental,8,8,Midweek,-0.10266163501143916,0.9888389038776907,-0.08258412439965797,0.9869307194643757,0.15033576070611165,3229,8
7,incremental,10,10,Midweek,-0.10266163501143916,0.9888389038776907,-0.07684238918055177,0.989485386430493,0.1748493938677308,3229,10
7,incremental,15,15,Midweek,-0.10266163501143916,0.9888389038776907,-0.09046629727896871,0.9929845707410745,0.15788090099566288,3229,15
7,incremental,20,20,Midweek,-0.10266163501143916,0.9888389038776907,-0.09312530417046273,0.9930234330801233,0.13834416175628328,3229,20
7,incremental,25,25,Midweek,-0.10266163501143916,0.9888389038776907,-0.0960281405904771,0.9916997635504935,0.10007026691178489,3229,25
7,incremental,35,35,Midweek,-0.10266163501143916,0.9888389038776907,-0.10112865910230853,0.990210563182012,0.0313958938698482,3229,35
7,incremental,999,All,Midweek,-0.10266163501143916,0.9888389038776907,-0.10623097847641552,0.9834944759582677,-0.07868635570937799,3229,59
7,wilson,3,3,Close (PT Updated/final),0.8578756093906587,1.0438702122062016,0.9003748529829352,1.0713820262560516,0.16869841101698585,98,3
7,wilson,5,5,Close (PT Updated/final),-0.0773869777062632,0.9912482170019687,-0.08202214771799217,0.9948279181038575,0.05446815187887988,3228,5
7,wilson,8,8,Close (PT Updated/final),-0.07718216763983264,0.9912579477694226,-0.07876443631671627,0.9928438370334279,0.055432527816204336,3229,8
7,wilson,10,10,Close (PT Updated/final),-0.07718216763983264,0.9912579477694226,-0.07799665602712588,0.9923991555889787,0.04083846384304679,3229,10
7,wilson,15,15,Close (PT Updated/final),-0.07718216763983264,0.9912579477694226,-0.07910500290778287,0.9929998314611981,0.06404296330355275,3229,15
7,wilson,20,20,Close (PT Updated/final),-0.07718216763983264,0.9912579477694226,-0.07729088239037969,0.9914585446163318,0.00606277641473052,3229,20
7,wilson,25,25,Close (PT Updated/final),-0.07718216763983264,0.9912579477694226,-0.0773777750886219,0.9901509408234436,-0.019797914170486097,3229,25
7,wilson,35,35,Close (PT Updated/final),-0.07718216763983264,0.9912579477694226,-0.07817385865618837,0.9888138099400137,-0.03777367655059205,3229,35
7,wilson,999,All,Close (PT Updated/final),-0.07718216763983264,0.9912579477694226,-0.07906675252099184,0.9852365708676141,-0.08799947984564327,3229,59
7,mae,3,3,Close (PT Updated/final),2.065240373385255,0.9643296840133501,2.3130072249913973,0.8612068734637699,-0.9314965402727172,74,3
7,mae,5,5,Close (PT Updated/final),2.065240373385255,0.9643296840133501,2.2591669896821664,0.9257208733728803,-0.6965235139961657,74,5
7,mae,8,8,Close (PT Updated/final),0.0059802040229554225,0.999377855318034,0.007761223391994165,0.9998913965689439,0.09098364298403655,621,8
7,mae,10,10,Close (PT Updated/final),-0.07931326920442501,1.0216103441717161,-0.08429939921100094,1.0193506325144823,-0.0894832895825328,1136,10
7,mae,15,15,Close (PT Updated/final),-0.07718216763983264,0.9912579477694226,-0.07544045476486834,0.9920651461596266,0.02587186823716936,3229,15
7,mae,20,20,Close (PT Updated/final),-0.07718216763983264,0.9912579477694226,-0.07497723405542228,0.9925734901468786,0.031425874760245276,3229,20
7,mae,25,25,Close (PT Updated/final),-0.07718216763983264,0.9912579477694226,-0.07411797118031041,0.9931318014321455,0.04908538777696758,3229,25
7,mae,35,35,Close (PT Updated/final),-0.07718216763983264,0.9912579477694226,-0.07500387158078006,0.9927884922252583,0.03052855700809043,3229,35
7,mae,999,All,Close (PT Updated/final),-0.07718216763983264,0.9912579477694226,-0.07906675252099184,0.9852365708676141,-0.08799947984564327,3229,59
7,incremental,3,3,Close (PT Updated/final),2.065240373385255,0.9643296840133501,2.030062338836547,1.036784879063772,0.2905402752266004,74,3
7,incremental,5,5,Close (PT Updated/final),-0.08984658657387551,1.0226400555710002,-0.0688642307773789,1.0356058754239628,0.19985618833755286,1134,5
7,incremental,8,8,Close (PT Updated/final),0.0017599972158736609,0.9972186118119891,0.00824590080086515,1.0027542841716883,0.09040827592615663,1678,8
7,incremental,10,10,Close (PT Updated/final),-0.07718216763983264,0.9912579477694226,-0.05800116642110656,0.9910537751222659,0.1503093654272326,3229,10
7,incremental,15,15,Close (PT Updated/final),-0.07718216763983264,0.9912579477694226,-0.06377548135571186,0.9982033600055402,0.13909303046881583,3229,15
7,incremental,20,20,Close (PT Updated/final),-0.07718216763983264,0.9912579477694226,-0.07313981851423032,0.994648049998113,0.13441650468294786,3229,20
7,incremental,25,25,Close (PT Updated/final),-0.07718216763983264,0.9912579477694226,-0.07346685570851588,0.9939094232259043,0.08782074969683729,3229,25
7,incremental,35,35,Close (PT Updated/final),-0.07718216763983264,0.9912579477694226,-0.07663365120940381,0.992114033878145,0.02035205778869631,3229,35
7,incremental,999,All,Close (PT Updated/final),-0.07718216763983264,0.9912579477694226,-0.07906675252099185,0.9852365708676137,-0.08799947984564316,3229,59
8,wilson,3,3,Open,-0.07594368822120429,1.0157841635256832,-0.06657619281827692,1.0276429864527035,0.1499363438413286,2741,3
8,wilson,5,5,Open,0.0006522542203799112,1.004344855208558,-0.0227101189847169,1.0028497728887271,0.21280185958270337,3541,5
8,wilson,8,8,Open,0.0006522542203799112,1.004344855208558,-0.014157641487802056,1.0128105414706208,0.25627869938677034,3541,8
8,wilson,10,10,Open,0.0006522542203799112,1.004344855208558,-0.009744794011354708,1.0131617150816785,0.2586755617957985,3541,10
8,wilson,15,15,Open,0.0006522542203799112,1.004344855208558,-0.011440437265527112,1.0144677720178854,0.16064509185225262,3541,15
8,wilson,20,20,Open,0.0006522542203799112,1.004344855208558,-0.006781661916824795,1.0113948745633377,0.12096238394331571,3541,20
8,wilson,25,25,Open,0.0006522542203799112,1.004344855208558,-0.006030348764071497,1.0095027079636938,0.1038792469462606,3541,25
8,wilson,35,35,Open,0.0006522542203799112,1.004344855208558,-0.0036003121261844644,1.0091467941250007,0.0899742529826204,3541,35
8,wilson,999,All,Open,0.0006522542203799112,1.004344855208558,-0.002301467645761261,1.0077139281771994,0.0656105643299495,3541,60
8,mae,3,3,Open,-0.06072481745511686,0.9340427854766802,0.04167115297804671,0.911819055410455,-0.34605600680267634,283,3
8,mae,5,5,Open,-0.211342031359114,0.9877647274373317,-0.21673372039602504,0.9870008940021814,0.06154397302323822,830,5
8,mae,8,8,Open,-0.1796745718713928,1.0107015200237708,-0.18010866626473743,1.010850617280237,0.0315556430989551,1345,8
8,mae,10,10,Open,0.003498547157182981,1.0044506657294732,0.010421567773977954,1.0085640132284053,0.2528904163390222,3540,10
8,mae,15,15,Open,0.0006522542203799112,1.004344855208558,0.005676420495486856,1.0066238426543417,0.23595974995111418,3541,15
8,mae,20,20,Open,0.0006522542203799112,1.004344855208558,0.00247972056987211,1.0087939154866636,0.19126020950918482,3541,20
8,mae,25,25,Open,0.0006522542203799112,1.004344855208558,0.005297047402658762,1.0097221728418968,0.21442296854388954,3541,25
8,mae,35,35,Open,0.0006522542203799112,1.004344855208558,0.004286372839271945,1.0100644537865269,0.21301229809916455,3541,35
8,mae,999,All,Open,0.0006522542203799112,1.004344855208558,-0.002301467645761405,1.0077139281771994,0.06561056432994972,3541,60
8,incremental,3,3,Open,-0.010253679156541764,0.9852016042231679,-0.005121162352919839,0.9814049660896247,0.13940817268436767,1859,3
8,incremental,5,5,Open,-0.00047483357651417475,1.004159003366216,0.0017194888507411415,0.9934575727845305,0.2704781101869106,3539,5
8,incremental,8,8,Open,0.0006522542203799112,1.004344855208558,0.0030774795616418755,0.9934368652870555,0.34936291277968284,3541,8
8,incremental,10,10,Open,0.0006522542203799112,1.004344855208558,0.0015701321214486412,0.9981721480159473,0.34467759635167056,3541,10
8,incremental,15,15,Open,0.0006522542203799112,1.004344855208558,-0.003623791301337911,0.997113273302516,0.32680084247800406,3541,15
8,incremental,20,20,Open,0.0006522542203799112,1.004344855208558,-0.009006800511301488,0.9971936456187999,0.31741910100270193,3541,20
8,incremental,25,25,Open,0.0006522542203799112,1.004344855208558,-0.013343839488991609,1.0002403104308044,0.25583215725430203,3541,25
8,incremental,35,35,Open,0.0006522542203799112,1.004344855208558,-0.0106543538959355,1.0025082597853037,0.223944899043996,3541,35
8,incremental,999,All,Open,0.0006522542203799112,1.004344855208558,-0.0023014676457613296,1.007713928177199,0.06561056432994944,3541,60
8,wilson,3,3,Midweek,-0.05868747883057784,0.9875399318541107,-0.060374402922108036,0.993269897230522,0.07491108238874217,3540,3
8,wilson,5,5,Midweek,-0.058495726095736944,0.987549096430237,-0.06087114738916034,0.9900674955366053,0.10113366174994254,3541,5
8,wilson,8,8,Midweek,-0.058495726095736944,0.987549096430237,-0.058990461084630144,0.9915554161095081,0.10404387852366699,3541,8
8,wilson,10,10,Midweek,-0.058495726095736944,0.987549096430237,-0.05841752777966007,0.990967030638378,0.08089449304050104,3541,10
8,wilson,15,15,Midweek,-0.058495726095736944,0.987549096430237,-0.05800813170419679,0.9909069471146851,0.07396786428148563,3541,15
8,wilson,20,20,Midweek,-0.058495726095736944,0.987549096430237,-0.058796311970793706,0.9890375113414853,0.023155975930765182,3541,20
8,wilson,25,25,Midweek,-0.058495726095736944,0.987549096430237,-0.05849527407041545,0.9873185105601824,-0.00347837783261197,3541,25
8,wilson,35,35,Midweek,-0.058495726095736944,0.987549096430237,-0.05939785343403764,0.9841696645401816,-0.0465702098680906,3541,35
8,wilson,999,All,Midweek,-0.058495726095736944,0.987549096430237,-0.05930825083541919,0.9822813783726426,-0.07285045813269456,3541,60
8,mae,3,3,Midweek,-0.12628533900850275,0.9227526695681482,-0.03862472952190756,0.8937029943302345,-0.38031495283967337,283,3
8,mae,5,5,Midweek,-0.19554100058974813,0.9706189405593191,-0.1933742227432621,0.9704395055025651,-0.020739669559388996,830,5
8,mae,8,8,Midweek,-0.21237108917477854,0.9974937843961516,-0.21388715322683965,0.9954039915441387,-0.08923973278376472,1345,8
8,mae,10,10,Midweek,-0.055705929819862554,0.9876476358704405,-0.047519344599869624,0.9912300188933291,0.09557877255679326,3540,10
8,mae,15,15,Midweek,-0.058495726095736944,0.987549096430237,-0.05271307876803793,0.9898374139657883,0.0723381365230783,3541,15
8,mae,20,20,Midweek,-0.058495726095736944,0.987549096430237,-0.056763094246188556,0.988709472191319,0.025703478549613745,3541,20
8,mae,25,25,Midweek,-0.058495726095736944,0.987549096430237,-0.054209237993736836,0.9900945246094974,0.0539708139706635,3541,25
8,mae,35,35,Midweek,-0.058495726095736944,0.987549096430237,-0.05374302685456769,0.9906702915949154,0.0636010421258133,3541,35
8,mae,999,All,Midweek,-0.058495726095736944,0.987549096430237,-0.05930825083541916,0.9822813783726431,-0.07285045813269442,3541,60
8,incremental,3,3,Midweek,-0.06734690920531579,0.9748222659824991,-0.05316111479247617,0.9883638405295946,0.08441146034562563,1860,3
8,incremental,5,5,Midweek,-0.056301524662890096,0.9876355245754294,-0.04795219165424861,1.004116254910711,0.1377709383769964,3539,5
8,incremental,8,8,Midweek,-0.058495726095736944,0.987549096430237,-0.04570812303100104,1.0022520181148737,0.19768368496818844,3541,8
8,incremental,10,10,Midweek,-0.058495726095736944,0.987549096430237,-0.042745812230175144,0.99281132261614,0.17699138230244071,3541,10
8,incremental,15,15,Midweek,-0.058495726095736944,0.987549096430237,-0.04939224098020636,0.994862961580651,0.1632266488845565,3541,15
8,incremental,20,20,Midweek,-0.058495726095736944,0.987549096430237,-0.051273579343181296,0.9939273299129578,0.14030190277183352,3541,20
8,incremental,25,25,Midweek,-0.058495726095736944,0.987549096430237,-0.05232386994422714,0.9916709331010218,0.12058731894006647,3541,25
8,incremental,35,35,Midweek,-0.058495726095736944,0.987549096430237,-0.057091633475975984,0.9909137918543477,0.07711117899593528,3541,35
8,incremental,999,All,Midweek,-0.058495726095736944,0.987549096430237,-0.0593082508354192,0.982281378372642,-0.07285045813269488,3541,60
8,wilson,3,3,Close (PT Updated/final),-0.002427490339751143,1.0025260005249852,-0.00229278764478231,1.002526777595576,-0.0021466511221602813,2494,3
8,wilson,5,5,Close (PT Updated/final),-0.034920077359894934,0.989796812261784,-0.038599219214508755,0.9949003598778469,0.08404364880253717,3540,5
8,wilson,8,8,Close (PT Updated/final),-0.0347409212556055,0.9898053980875008,-0.03701084163900945,0.9927819894119186,0.08277248214324512,3541,8
8,wilson,10,10,Close (PT Updated/final),-0.0347409212556055,0.9898053980875008,-0.03746197937282216,0.9925900102285805,0.07078141613474465,3541,10
8,wilson,15,15,Close (PT Updated/final),-0.0347409212556055,0.9898053980875008,-0.0369079551089228,0.9944536088761893,0.10361452535332938,3541,15
8,wilson,20,20,Close (PT Updated/final),-0.0347409212556055,0.9898053980875008,-0.03462124084091309,0.9939453437364321,0.065106043605426,3541,20
8,wilson,25,25,Close (PT Updated/final),-0.0347409212556055,0.9898053980875008,-0.03472585872182625,0.9897487470994627,-0.0007271074631370333,3541,25
8,wilson,35,35,Close (PT Updated/final),-0.0347409212556055,0.9898053980875008,-0.034733825015726125,0.9887936697146985,-0.015287656376363618,3541,35
8,wilson,999,All,Close (PT Updated/final),-0.0347409212556055,0.9898053980875008,-0.03385507081218372,0.9839283434452892,-0.08086992332438031,3541,60
8,mae,3,3,Close (PT Updated/final),-0.14308624866202,0.9241758421348618,-0.07637304924679235,0.9011605366678677,-0.3129372326725203,283,3
8,mae,5,5,Close (PT Updated/final),-0.22032970617221562,0.9716776581377871,-0.22437631035334635,0.9720822609295259,0.051071791777296704,830,5
8,mae,8,8,Close (PT Updated/final),-0.20152733379924062,1.0001654389023742,-0.20197054837358186,0.998316427208475,-0.07812257819493933,1345,8
8,mae,10,10,Close (PT Updated/final),-0.03193752662817705,0.9899048044100874,-0.027390296189189395,0.9926317856235132,0.07253864629454199,3540,10
8,mae,15,15,Close (PT Updated/final),-0.0347409212556055,0.9898053980875008,-0.031719012760285714,0.9915034003368786,0.053149322337304405,3541,15
8,mae,20,20,Close (PT Updated/final),-0.0347409212556055,0.9898053980875008,-0.03427492340056472,0.9902804812424104,0.010435695859076388,3541,20
8,mae,25,25,Close (PT Updated/final),-0.0347409212556055,0.9898053980875008,-0.03273774968581151,0.9914822699668053,0.03532284171886346,3541,25
8,mae,35,35,Close (PT Updated/final),-0.0347409212556055,0.9898053980875008,-0.0322697449754438,0.9921532280046154,0.04746105807423501,3541,35
8,mae,999,All,Close (PT Updated/final),-0.0347409212556055,0.9898053980875008,-0.033855070812183766,0.983928343445289,-0.08086992332438062,3541,60
8,incremental,3,3,Close (PT Updated/final),-0.22032970617221562,0.9716776581377871,-0.23323571629802228,0.997533360655963,0.11239949531607754,830,3
8,incremental,5,5,Close (PT Updated/final),-0.05830991937210468,0.977980541319878,-0.05330074632012689,0.9856355557924777,0.03908372782142877,1860,5
8,incremental,8,8,Close (PT Updated/final),-0.035468134489628995,0.9897923335783442,-0.03350193902056011,1.0034815987749195,0.15991783642170035,3540,8
8,incremental,10,10,Close (PT Updated/final),-0.0347409212556055,0.9898053980875008,-0.025538886779071852,0.9985846538569171,0.17122700719159356,3541,10
8,incremental,15,15,Close (PT Updated/final),-0.0347409212556055,0.9898053980875008,-0.029995772508316525,0.9961873861624883,0.14867466650839475,3541,15
8,incremental,20,20,Close (PT Updated/final),-0.0347409212556055,0.9898053980875008,-0.02889291965419143,0.996539763719121,0.13419431472911592,3541,20
8,incremental,25,25,Close (PT Updated/final),-0.0347409212556055,0.9898053980875008,-0.030425603112108564,0.9952510840394502,0.10900760836168721,3541,25
8,incremental,35,35,Close (PT Updated/final),-0.0347409212556055,0.9898053980875008,-0.035011117106859946,0.9923270992975272,0.04395928986050848,3541,35
8,incremental,999,All,Close (PT Updated/final),-0.0347409212556055,0.9898053980875008,-0.03385507081218371,0.983928343445289,-0.08086992332438123,3541,60
