Date,Bet,American Odds,Decimal Odds,Win/Loss,Profit if risk 1u,bet_team,bet_team_norm,bet_spread,is_moneyline,game_key,season,week,road,home,match_similarity,market_selected_spread,spread_difference,market_home_margin,actual_home_margin,consensus_home_margin,model_residual_home,adjusted_home_margin,adjusted_edge_home,model_edge_selected_side,adjusted_edge_selected_side,models_available,gamma
8/24/25,Stanford +2.5,-105,1.95,L,-1.0,Stanford,stanford,2.5,False,2025_w14_california_stanford,2025,14,California,Stanford,1.0,3.5,1.0,-3.5,21.0,-1.4716666666666667,2.0283333333333333,-3.3679587094462136,0.13204129055378644,2.0283333333333333,0.13204129055378644,6,0.07078141613474465
8/28/25,Boise State -5.5,-110,1.91,L,-1.0,Boise State,boise state,-5.5,False,2025_w2_boisestate_southflorida,2025,2,Boise St.,South Florida,1.0,-5.0,0.5,-5.0,27.0,-10.966666666666665,-5.966666666666665,-4.819092151613587,0.18090784838641305,5.966666666666665,-0.18090784838641305,9,-0.029778037512505295
8/28/25,Jax State +20.5,-105,1.95,W,0.95,Jax State,jacksonville state,20.5,False,2025_w2_jacksonvillestate_ucf,2025,2,Jacksonville St.,Central Florida,1.0,20.5,0.0,20.5,7.0,16.104444444444443,-4.395555555555557,20.24658677607663,-0.2534132239233706,4.395555555555557,0.2534132239233706,9,-0.029778037512505295
8/29/25,Central Michigan   +14.5,-110,1.91,W,0.91,Central Michigan,central michigan,14.5,False,2025_w2_centralmichigan_sanjosestate,2025,2,Central Mich.,San Jose St.,0.8571428571428571,14.0,0.5,14.0,-2.0,13.322222222222221,-0.6777777777777789,13.734662455185791,-0.26533754481420857,0.6777777777777789,0.26533754481420857,9,-0.029778037512505295
9/1/25,UNLV -7.5,-123,1.81,W,0.81,UNLV,unlv,-7.5,False,2025_w8_airforce_unlv,2025,8,Air Force,UNLV,1.0,-7.0,0.5,7.0,3.0,9.159,2.1590000000000007,6.956967676532863,-0.04303232346713681,2.1590000000000007,-0.04303232346713681,10,0.04083846384304679
8/31/25,Tulane -3.5,-130,1.77,W,0.77,Tulane,tulane,-3.5,False,2025_w12_memphis_tulane,2025,12,Tulane,Memphis,1.0,-3.5,0.0,-3.5,6.0,-8.455,-4.955,-3.862248932120514,-0.3622489321205138,4.955,0.3622489321205138,10,0.07078141613474465
9/3/25,Utah State -5.5,-105,1.95,W,0.95,Utah State,utah state,-5.5,False,2025_w13_unlv_utahstate,2025,13,Utah St.,UNLV,1.0,-6.0,0.5,-6.0,-3.0,-5.0616666666666665,0.9383333333333335,-5.926585478604537,0.07341452139546334,-0.9383333333333335,-0.07341452139546334,6,0.07078141613474465
9/4/25,UVA -13.5,-110,1.91,W,0.91,UVA,virginia,-13.5,False,2025_w2_coastalcarolina_virginia,2025,2,Coastal Carolina,Virginia,1.0,-12.0,1.5,12.0,41.0,10.257777777777779,-1.742222222222221,11.79675453877905,-0.20324546122095022,-1.742222222222221,-0.20324546122095022,9,-0.029778037512505295
8/31/25,South Carolina -7,-110,1.91,W,0.91,South Carolina,south carolina,-7.0,False,2025_w6_kentucky_southcarolina,2025,6,Kentucky,South Carolina,1.0,-5.5,1.5,5.5,22.0,5.978571428571428,0.47857142857142776,5.399742821694287,-0.10025717830571335,0.47857142857142776,-0.10025717830571335,7,0.04083846384304679
9/6/25,Louisville -10.5,-170,1.59,W,0.59,Louisville,louisville,-10.5,False,2025_w11_louisville_virginiatech,2025,11,Louisville,Virginia Tech,1.0,-10.0,0.5,-10.0,-12.0,-10.232,-0.23199999999999932,-9.979783370201888,0.020216629798111896,0.23199999999999932,-0.020216629798111896,10,0.07078141613474465
9/9/25,ISU -2.5,-131,1.76,W,0.76,ISU,iowa state,-2.5,False,2025_w10_byu_iowastate,2025,10,BYU,Iowa St.,1.0,-2.5,0.0,2.5,-14.0,-0.711,-3.211,2.2167339189899637,-0.28326608101003625,-3.211,-0.28326608101003625,10,0.07078141613474465
9/11/25,Syracuse -5.5,-145,1.69,W,0.69,Syracuse,syracuse,-5.5,False,2025_w11_northcarolina_syracuse,2025,11,North Carolina,Syracuse,1.0,-2.5,3.0,2.5,-17.0,4.874,2.3739999999999997,2.6120481281025127,0.11204812810251275,2.3739999999999997,0.11204812810251275,10,0.07078141613474465
9/15/25,Miss St -6.5,-151,1.66,W,0.66,Miss St,miss state,-6.5,False,2025_w14_kennesawstate_missouristate,2025,14,Missouri St.,Kennesaw St.,0.8333333333333334,-6.5,0.0,-6.5,-7.0,-6.533000000000001,-0.03300000000000125,-6.491632832591042,0.008367167408957599,0.03300000000000125,-0.008367167408957599,10,0.07078141613474465
9/17/25,Marshall -8.5,-102,1.98,L,-1.0,Marshall,marshall,-8.5,False,2025_w15_georgiasouthern_marshall,2025,15,Georgia Southern,Marshall,1.0,-10.0,1.5,10.0,-5.0,10.190000000000001,0.19000000000000128,9.901886591978585,-0.09811340802141544,0.19000000000000128,-0.09811340802141544,9,0.07078141613474465
9/18/25,Memphis -13.5,-113,1.88,W,0.88,Memphis,memphis,-13.5,False,2025_w11_memphis_rice,2025,11,Memphis,Rice,1.0,-13.5,0.0,-13.5,-24.0,-17.653000000000002,-4.153000000000002,-13.731382338666252,-0.23138233866625235,4.153000000000002,0.23138233866625235,10,0.07078141613474465
9/19/25,UNC -13.5,-107,1.93,W,0.93,UNC,north carolina,-13.5,False,2025_w10_northcarolina_virginia,2025,10,Virginia,North Carolina,1.0,-10.5,3.0,10.5,1.0,10.758999999999999,0.25899999999999856,10.403065514806174,-0.09693448519382564,0.25899999999999856,-0.09693448519382564,10,0.07078141613474465
9/21/25,USC -27.5,-129,1.78,W,0.78,USC,usc,-27.5,False,2025_w3_georgiasouthern_usc,2025,3,Georgia Southern,USC,1.0,-29.0,1.5,29.0,39.0,27.90285714285714,-1.0971428571428596,28.51918769677597,-0.480812303224031,-1.0971428571428596,-0.480812303224031,7,-0.029778037512505295
9/22/25,Washington State -1.5,-106,1.94,W,0.94,Washington State,washington state,-1.5,False,2025_w3_sandiegostate_washingtonstate,2025,3,San Diego St.,Washington St.,1.0,-2.0,0.5,2.0,23.0,8.028571428571428,6.0285714285714285,1.7173306389268377,-0.2826693610731623,6.0285714285714285,-0.2826693610731623,7,-0.029778037512505295
12-Sep,Houston -2.5,-159,1.63,W,0.63,Houston,houston,-2.5,False,2025_w15_baylor_houston,2025,15,Houston,Baylor,1.0,-2.5,0.0,-2.5,7.0,-2.477777777777778,0.022222222222222143,-2.517364084585724,-0.017364084585723916,-0.022222222222222143,0.017364084585723916,9,0.07078141613474465
13-Sep,Arizona +3.5,-156,1.64,W,0.64,Arizona,arizona,3.5,False,2025_w12_arizona_kansas,2025,12,Kansas,Arizona,1.0,4.5,1.0,-4.5,-4.0,-6.879,-2.3789999999999996,-4.672506014385992,-0.17250601438599222,-2.3789999999999996,-0.17250601438599222,10,0.07078141613474465
14-Sep,Clemson -2.5,-114,1.88,L,-1.0,Clemson,clemson,-2.5,False,2025_w4_clemson_georgiatech,2025,4,Clemson,Georgia Tech,1.0,-3.0,0.5,-3.0,3.0,-2.649,0.351,-3.040859821985152,-0.040859821985152145,-0.351,0.040859821985152145,10,0.04083846384304679
17-Sep,Bowling Green +6.5,-133,1.75,W,0.75,Bowling Green,bowling green,6.5,False,2025_w6_bowlinggreen_ohio,2025,6,Bowling Green,Ohio,1.0,7.5,1.0,7.5,15.0,9.524000000000001,2.024000000000001,7.447654061708541,-0.052345938291458616,-2.024000000000001,0.052345938291458616,10,0.04083846384304679
22-Sep,Miss St -6.5,-104,1.96,L,-1.0,Miss St,miss state,-6.5,False,2025_w14_kennesawstate_missouristate,2025,14,Missouri St.,Kennesaw St.,0.8333333333333334,-6.5,0.0,-6.5,-7.0,-6.533000000000001,-0.03300000000000125,-6.491632832591042,0.008367167408957599,0.03300000000000125,-0.008367167408957599,10,0.07078141613474465
24-Sep,Vanderbilt +3.5,-122,1.82,W,0.82,Vanderbilt,vanderbilt,3.5,False,2025_w3_vanderbilt_virginiatech,2025,3,Vanderbilt,Virginia Tech,1.0,2.5,1.0,2.5,-24.0,0.42142857142857143,-2.0785714285714287,2.451146688796924,-0.04885331120307601,2.0785714285714287,0.04885331120307601,7,-0.029778037512505295
27-Sep,Minnesota -1.5,-119,1.84,L,-1.0,Minnesota,minnesota,-1.5,False,2025_w15_minnesota_wisconsin,2025,15,Wisconsin,Minnesota,1.0,-2.5,1.0,2.5,-10.0,1.414,-1.086,2.3671444282762963,-0.13285557172370366,-1.086,-0.13285557172370366,5,0.07078141613474465
20-Sep,Bowling Green +26.5,-102,1.98,W,0.98,Bowling Green,bowling green,26.5,False,2025_w5_bowlinggreen_louisville,2025,5,Bowling Green,Louisville,1.0,26.5,0.0,26.5,23.0,22.752,-3.748000000000001,26.06751840459707,-0.43248159540292974,3.748000000000001,0.43248159540292974,10,0.04083846384304679
21-Sep,Memphis +7.5,-122,1.82,W,0.82,Memphis,memphis,7.5,False,2025_w5_arkansas_memphis,2025,5,Arkansas,Memphis,1.0,7.5,0.0,-7.5,1.0,-5.331999999999999,2.168000000000001,-7.43245253333274,0.06754746666725975,2.168000000000001,0.06754746666725975,10,0.04083846384304679
22-Sep,Army +3.5,-138,1.72,L,-1.0,Army,army,3.5,False,2025_w6_army_eastcarolina,2025,6,Army,East Carolina,1.0,4.0,0.5,4.0,22.0,0.6940000000000001,-3.306,3.7565880048636764,-0.2434119951363236,3.306,0.2434119951363236,10,0.04083846384304679
25-Sep,Western Kentucky -6.5,-144,1.69,W,0.69,Western Kentucky,western kentucky,-6.5,False,2025_w3_toledo_westernkentucky,2025,3,Western Kentucky,Toledo,1.0,-7.0,0.5,-7.0,-24.0,-5.834285714285714,1.1657142857142864,-7.001085442170454,-0.0010854421704538098,-1.1657142857142864,0.0010854421704538098,7,-0.029778037512505295
26-Sep,Louisiana Tech -2.5,-133,1.75,W,0.75,Louisiana Tech,louisiana tech,-2.5,False,2025_w6_louisianatech_utep,2025,6,Louisiana Tech,UTEP,1.0,-3.5,1.0,-3.5,-19.0,-5.524285714285715,-2.024285714285715,-3.6340624195394047,-0.13406241953940468,2.024285714285715,0.13406241953940468,7,0.04083846384304679
27-Sep,Stanford +17.5,-124,1.81,L,-1.0,Stanford,stanford,17.5,False,2025_w9_floridastate_stanford,2025,9,Florida St.,Stanford,1.0,18.0,0.5,-18.0,7.0,-16.505714285714284,1.4942857142857164,-17.880157123514703,0.11984287648529701,1.4942857142857164,0.11984287648529701,7,0.04083846384304679
28-Sep,Vanderbilt -26.5,-140,1.71,W,0.71,Vanderbilt,vanderbilt,-26.5,False,2025_w5_georgiastate_vanderbilt,2025,5,Georgia St.,Vanderbilt,1.0,-28.0,1.5,28.0,49.0,32.91,4.909999999999997,27.90969655793364,-0.09030344206636087,4.909999999999997,-0.09030344206636087,7,0.04083846384304679
29-Sep,Syracuse +4.5,-111,1.9,L,-1.0,Syracuse,syracuse,4.5,False,2025_w6_duke_syracuse,2025,6,Duke,Syracuse,1.0,4.5,0.0,-4.5,-35.0,2.61,7.109999999999999,-4.253431378253467,0.24656862174653327,7.109999999999999,0.24656862174653327,10,0.04083846384304679
2-Oct,ODU -13.5,-120,1.83,W,0.83,ODU,old dominion,-13.5,False,2025_w10_appalachianstate_olddominion,2025,10,Appalachian St.,Old Dominion,1.0,-13.5,0.0,13.5,3.0,13.550999999999998,0.05099999999999838,13.366113010935887,-0.13388698906411278,0.05099999999999838,-0.13388698906411278,10,0.07078141613474465
3-Oct,Memphis -13.5,-116,1.86,W,0.86,Memphis,memphis,-13.5,False,2025_w11_memphis_rice,2025,11,Memphis,Rice,1.0,-13.5,0.0,-13.5,-24.0,-17.653000000000002,-4.153000000000002,-13.731382338666252,-0.23138233866625235,4.153000000000002,0.23138233866625235,10,0.07078141613474465
4-Oct,Stanford -3,-111,1.9,L,-1.0,Stanford,stanford,-3.0,False,2025_w6_sanjosestate_stanford,2025,6,San Jose St.,Stanford,1.0,-3.0,0.0,3.0,1.0,3.455,0.45500000000000007,2.9177823117883968,-0.08221768821160325,0.45500000000000007,-0.08221768821160325,6,0.04083846384304679
6-Oct,North Texas -12.5,-107,1.93,W,0.93,North Texas,north texas,-12.5,False,2025_w3_northtexas_westernmichigan,2025,3,North Texas,Western Mich.,1.0,-10.0,2.5,-10.0,-3.0,-8.412222222222221,1.587777777777779,-9.96806113917486,0.031938860825139415,-1.587777777777779,-0.031938860825139415,9,-0.029778037512505295
7-Oct,Louisiana Tech -4,-120,1.83,W,0.83,Louisiana Tech,louisiana tech,-4.0,False,2025_w6_louisianatech_utep,2025,6,Louisiana Tech,UTEP,1.0,-3.5,0.5,-3.5,-19.0,-5.524285714285715,-2.024285714285715,-3.6340624195394047,-0.13406241953940468,2.024285714285715,0.13406241953940468,7,0.04083846384304679
2-Oct,New Mexico State +3,-125,1.8,W,0.8,New Mexico State,new mexico state,3.0,False,2025_w14_newmexicostate_utep,2025,14,New Mexico St.,UTEP,1.0,3.0,0.0,3.0,-3.0,2.7439999999999998,-0.2560000000000002,2.9221880087824244,-0.07781199121757565,0.2560000000000002,0.07781199121757565,10,0.07078141613474465
4-Oct,San Diego State -5.5,-112,1.89,W,0.89,San Diego State,san diego state,-5.5,False,2025_w7_coloradostate_sandiegostate,2025,7,Colorado St.,San Diego St.,1.0,-6.5,1.0,6.5,21.0,6.5840000000000005,0.08400000000000052,6.376028286264052,-0.12397171373594773,0.08400000000000052,-0.12397171373594773,10,0.04083846384304679
5-Oct,Rice -4.5,-101,1.99,L,-1.0,Rice,rice,-4.5,False,2025_w7_floridaatlantic_rice,2025,7,Florida Atlantic,Rice,1.0,-5.0,0.5,5.0,-6.0,6.647142857142858,1.6471428571428577,4.951265905933529,-0.04873409406647067,1.6471428571428577,-0.04873409406647067,7,0.04083846384304679
9-Oct,Akron +9.5,-122,1.82,W,0.82,Akron,akron,9.5,False,2025_w10_akron_buffalo,2025,10,Akron,Buffalo,1.0,10.0,0.5,10.0,-8.0,14.047999999999998,4.047999999999998,10.17496129542643,0.17496129542642969,-4.047999999999998,-0.17496129542642969,10,0.07078141613474465
13-Oct,Ohio -13.5,-125,1.8,L,-1.0,Ohio,ohio,-13.5,False,2025_w9_northernillinois_ohio,2025,9,Northern Ill.,Ohio,1.0,-10.5,3.0,10.5,27.0,13.017000000000001,2.5170000000000012,10.4449848911501,-0.055015108849900685,2.5170000000000012,-0.055015108849900685,10,0.04083846384304679
15-Oct,Memphis -20.5,-115,1.87,W,0.87,Memphis,memphis,-20.5,False,2025_w9_memphis_uab,2025,9,Memphis,UAB,1.0,-21.5,1.0,-21.5,7.0,-22.575714285714287,-1.0757142857142874,-21.45850902015276,0.04149097984723937,1.0757142857142874,-0.04149097984723937,7,0.04083846384304679
16-Oct,Houston +12.5,-110,1.91,L,-1.0,Houston,houston,12.5,False,2025_w11_houston_westvirginia,2025,11,West Va.,Houston,1.0,13.0,0.5,-13.0,10.0,-13.526999999999997,-0.5269999999999975,-12.978433918647378,0.02156608135262239,-0.5269999999999975,0.02156608135262239,10,0.07078141613474465
10-Oct,Louisiana Tech -2.5,-111,1.9,L,-1.0,Louisiana Tech,louisiana tech,-2.5,False,2025_w6_louisianatech_utep,2025,6,Louisiana Tech,UTEP,1.0,-3.5,1.0,-3.5,-19.0,-5.524285714285715,-2.024285714285715,-3.6340624195394047,-0.13406241953940468,2.024285714285715,0.13406241953940468,7,0.04083846384304679
11-Oct,Alabama -2.5,-133,1.75,W,0.75,Alabama,alabama,-2.5,False,2025_w8_alabama_missouri,2025,8,Alabama,Missouri,1.0,-3.0,0.5,-3.0,-3.0,-3.6999999999999993,-0.6999999999999993,-3.0837810474841945,-0.08378104748419446,0.6999999999999993,0.08378104748419446,10,0.04083846384304679
13-Oct,Texas A&M -7.5,-108,1.93,W,0.93,Texas A&M,texas a and m,-7.5,False,2025_w8_florida_texasaandm,2025,8,Florida,Texas A&M,1.0,-7.5,0.0,7.5,17.0,7.541428571428571,0.041428571428570926,7.36668889010657,-0.1333111098934303,0.041428571428570926,-0.1333111098934303,7,0.04083846384304679
14-Oct,Maryland +6.5,-105,1.95,W,0.95,Maryland,maryland,6.5,False,2025_w15_maryland_michiganstate,2025,15,Maryland,Michigan St.,1.0,4.0,2.5,4.0,10.0,2.788,-1.2120000000000002,3.8471109851861893,-0.15288901481381068,1.2120000000000002,0.15288901481381068,5,0.07078141613474465
15-Oct,UNLV -6.5,-112,1.89,L,-1.0,UNLV,unlv,-6.5,False,2025_w8_airforce_unlv,2025,8,Air Force,UNLV,1.0,-7.0,0.5,7.0,3.0,9.159,2.1590000000000007,6.956967676532863,-0.04303232346713681,2.1590000000000007,-0.04303232346713681,10,0.04083846384304679
16-Oct,Coastal Carolina +3,-110,1.91,W,0.91,Coastal Carolina,coastal carolina,3.0,False,2025_w13_coastalcarolina_georgiasouthern,2025,13,Coastal Carolina,Georgia Southern,1.0,3.0,0.0,3.0,5.0,4.141666666666667,1.1416666666666666,3.0211168347334194,0.02111683473341941,-1.1416666666666666,-0.02111683473341941,6,0.07078141613474465
17-Oct,Temple +9.5,-109,1.92,W,0.92,Temple,temple,9.5,False,2025_w8_navy_temple,2025,8,Navy,Temple,1.0,10.0,0.5,-10.0,-1.0,-7.204285714285715,2.7957142857142854,-9.88781553514428,0.11218446485571931,2.7957142857142854,0.11218446485571931,7,0.04083846384304679
18-Oct,Tennessee -9.5,-110,1.91,L,-1.0,Tennessee,tennessee,-9.5,False,2025_w8_arkansas_tennessee,2025,8,Arkansas,Tennessee,1.0,-10.0,0.5,10.0,3.0,10.854285714285712,0.8542857142857123,9.880882616117148,-0.11911738388285187,0.8542857142857123,-0.11911738388285187,7,0.04083846384304679
20-Oct,BYU -2.5,-110,1.91,W,0.91,BYU,byu,-2.5,False,2025_w14_byu_cincinnati,2025,14,BYU,Cincinnati,1.0,-2.5,0.0,-2.5,-12.0,-5.3116666666666665,-2.8116666666666665,-2.7179507533097973,-0.2179507533097973,2.8116666666666665,0.2179507533097973,6,0.07078141613474465
15-Oct,Jacksonville State +3,-110,1.91,W,0.91,Jacksonville State,jacksonville state,3.0,False,2025_w9_delaware_jacksonvillestate,2025,9,Delaware,Jacksonville St.,1.0,3.0,0.0,-3.0,13.0,1.2399999999999998,4.24,-2.8820390360995436,0.1179609639004564,4.24,0.1179609639004564,10,0.04083846384304679
16-Oct,UTEP -3,-110,1.91,W,0.91,UTEP,utep,-3.0,False,2025_w14_newmexicostate_utep,2025,14,New Mexico St.,UTEP,1.0,-3.0,0.0,3.0,-3.0,2.7439999999999998,-0.2560000000000002,2.9221880087824244,-0.07781199121757565,-0.2560000000000002,-0.07781199121757565,10,0.07078141613474465
18-Oct,Ohio -11,-110,1.91,W,0.91,Ohio,ohio,-11.0,False,2025_w9_northernillinois_ohio,2025,9,Northern Ill.,Ohio,1.0,-10.5,0.5,10.5,27.0,13.017000000000001,2.5170000000000012,10.4449848911501,-0.055015108849900685,2.5170000000000012,-0.055015108849900685,10,0.04083846384304679
19-Oct,Coastal Carolina +10.5,-110,1.91,W,0.91,Coastal Carolina,coastal carolina,10.5,False,2025_w2_coastalcarolina_virginia,2025,2,Coastal Carolina,Virginia,1.0,12.0,1.5,12.0,41.0,10.257777777777779,-1.742222222222221,11.79675453877905,-0.20324546122095022,1.742222222222221,0.20324546122095022,9,-0.029778037512505295
22-Oct,Marshall +3.5,-122,1.82,W,0.82,Marshall,marshall,3.5,False,2025_w14_appalachianstate_marshall,2025,14,Marshall,Appalachian St.,1.0,5.0,1.5,5.0,-2.0,4.813000000000001,-0.1869999999999994,4.912251946952883,-0.0877480530471173,0.1869999999999994,0.0877480530471173,10,0.07078141613474465
26-Oct,Syracuse +11,-108,1.93,L,-1.0,Syracuse,syracuse,11.0,False,2025_w9_pittsburgh_syracuse,2025,9,Pittsburgh,Syracuse,1.0,10.0,1.0,-10.0,-17.0,-4.988571428571428,5.011428571428572,-9.797329167400616,0.20267083259938445,5.011428571428572,0.20267083259938445,7,0.04083846384304679
27-Oct,Northwestern -3,-105,1.95,W,0.95,Northwestern,northwestern,-3.0,False,2025_w14_minnesota_northwestern,2025,14,Minnesota,Northwestern,1.0,-4.0,1.0,4.0,3.0,3.3299999999999996,-0.6700000000000004,3.885474512731221,-0.11452548726877909,-0.6700000000000004,-0.11452548726877909,10,0.07078141613474465
28-Oct,Washington +6,-105,1.95,L,-1.0,Washington,washington,6.0,False,2025_w7_maryland_washington,2025,7,Washington,Maryland,1.0,6.0,0.0,6.0,4.0,5.339,-0.6609999999999996,5.849404052906492,-0.15059594709350765,0.6609999999999996,0.15059594709350765,10,0.04083846384304679
22-Oct,Louisiana Tech -3,-117,1.85,L,-1.0,Louisiana Tech,louisiana tech,-3.0,False,2025_w6_louisianatech_utep,2025,6,Louisiana Tech,UTEP,1.0,-3.5,0.5,-3.5,-19.0,-5.524285714285715,-2.024285714285715,-3.6340624195394047,-0.13406241953940468,2.024285714285715,0.13406241953940468,7,0.04083846384304679
22-Oct,Delaware -7.5,-114,1.88,L,-1.0,Delaware,delaware,-7.5,False,2025_w4_delaware_uconn,2025,4,Connecticut,Delaware,1.0,-8.0,0.5,8.0,-3.0,10.232000000000001,2.232000000000001,7.952348039982384,-0.047651960017615735,2.232000000000001,-0.047651960017615735,10,0.04083846384304679
23-Oct,New Mexico State +3,-110,1.91,L,-1.0,New Mexico State,new mexico state,3.0,False,2025_w14_newmexicostate_utep,2025,14,New Mexico St.,UTEP,1.0,3.0,0.0,3.0,-3.0,2.7439999999999998,-0.2560000000000002,2.9221880087824244,-0.07781199121757565,0.2560000000000002,0.07781199121757565,10,0.07078141613474465
31-Oct,Syracuse -2.5,-101,1.99,L,-1.0,Syracuse,syracuse,-2.5,False,2025_w11_northcarolina_syracuse,2025,11,North Carolina,Syracuse,1.0,-2.5,0.0,2.5,-17.0,4.874,2.3739999999999997,2.6120481281025127,0.11204812810251275,2.3739999999999997,0.11204812810251275,10,0.07078141613474465
31-Oct,Memphis -13.5,-110,1.91,W,0.91,Memphis,memphis,-13.5,False,2025_w11_memphis_rice,2025,11,Memphis,Rice,1.0,-13.5,0.0,-13.5,-24.0,-17.653000000000002,-4.153000000000002,-13.731382338666252,-0.23138233866625235,4.153000000000002,0.23138233866625235,10,0.07078141613474465
1-Nov,Boise State -17,-110,1.91,L,-1.0,Boise State,boise state,-17.0,False,2025_w6_appalachianstate_boisestate,2025,6,Appalachian St.,Boise St.,1.0,-16.0,1.0,16.0,33.0,20.96142857142857,4.96142857142857,16.00300695472068,0.0030069547206785785,4.96142857142857,0.0030069547206785785,7,0.04083846384304679
1-Nov,Minnesota -2.5,-125,1.8,W,0.8,Minnesota,minnesota,-2.5,False,2025_w15_minnesota_wisconsin,2025,15,Wisconsin,Minnesota,1.0,-2.5,0.0,2.5,-10.0,1.414,-1.086,2.3671444282762963,-0.13285557172370366,-1.086,-0.13285557172370366,5,0.07078141613474465
1-Nov,Western Michigan -5,-110,1.91,L,-1.0,Western Michigan,western michigan,-5.0,False,2025_w11_centralmichigan_westernmichigan,2025,11,Central Mich.,Western Mich.,0.8571428571428571,-6.0,1.0,6.0,3.0,6.371666666666667,0.37166666666666703,5.944385174995407,-0.055614825004592916,0.37166666666666703,-0.055614825004592916,6,0.07078141613474465
1-Nov,Western Kentucky -8.5,-110,1.91,W,0.91,Western Kentucky,western kentucky,-8.5,False,2025_w11_newmexicostate_westernkentucky,2025,11,New Mexico St.,Western Kentucky,1.0,-8.5,0.0,8.5,19.0,10.546000000000001,2.046000000000001,8.544371884981802,0.04437188498180156,2.046000000000001,0.04437188498180156,10,0.07078141613474465
1-Nov,Bowling Green -2,-110,1.91,L,-1.0,Bowling Green,bowling green,-2.0,False,2025_w14_akron_bowlinggreen,2025,14,Akron,Bowling Green,1.0,-3.0,1.0,3.0,-3.0,4.473,1.4729999999999999,3.044569077279398,0.04456907727939807,1.4729999999999999,0.04456907727939807,10,0.07078141613474465
1-Nov,Georgial -7,-110,1.91,L,-1.0,Georgial,georgial,-7.0,False,2025_w12_georgia_mississippistate,2025,12,Georgia,Mississippi St.,0.9333333333333333,-9.0,2.0,-9.0,-20.0,-9.759,-0.7590000000000003,-9.024495166276317,-0.024495166276317093,0.7590000000000003,0.024495166276317093,10,0.07078141613474465
4-Nov,Akron -9,-130,1.77,W,0.77,Akron,akron,-9.0,False,2025_w7_akron_centralmichigan,2025,7,Central Mich.,Akron,1.0,-7.5,1.5,7.5,-6.0,4.3469999999999995,-3.1530000000000005,7.236233334393088,-0.2637666656069122,-3.1530000000000005,-0.2637666656069122,10,0.04083846384304679
7-Nov,USC -13.5,-115,1.87,W,0.87,USC,usc,-13.5,False,2025_w12_northwestern_usc,2025,12,Northwestern,USC,1.0,-14.5,1.0,14.5,21.0,19.113000000000003,4.613000000000003,14.681607841571173,0.18160784157117327,4.613000000000003,0.18160784157117327,10,0.07078141613474465
7-Nov,Memphis -3,-118,1.85,L,-1.0,Memphis,memphis,-3.0,False,2025_w13_eastcarolina_memphis,2025,13,Memphis,East Carolina,1.0,-3.0,0.0,-3.0,-4.0,-1.1116666666666666,1.8883333333333334,-2.881573102590788,0.1184268974092122,-1.8883333333333334,-0.1184268974092122,6,0.07078141613474465
8-Nov,Coastal Carolina -7.5,-108,1.93,W,0.93,Coastal Carolina,coastal carolina,-7.5,False,2025_w11_coastalcarolina_marshall,2025,11,Marshall,Coastal Carolina,1.0,-6.5,1.0,6.5,-17.0,5.651999999999999,-0.8480000000000008,6.354350446230687,-0.14564955376931277,-0.8480000000000008,-0.14564955376931277,10,0.07078141613474465
8-Nov,Iowa State +8,-118,1.85,W,0.85,Iowa State,iowa state,8.0,False,2025_w12_iowastate_tcu,2025,12,Iowa St.,TCU,1.0,7.5,0.5,7.5,-3.0,5.867,-1.633,7.291377044793493,-0.20862295520650687,1.633,0.20862295520650687,10,0.07078141613474465
8-Nov,Utah State -8,-120,1.83,W,0.83,Utah State,utah state,-8.0,False,2025_w12_nevada_utahstate,2025,12,Nevada,Utah St.,1.0,-9.0,1.0,9.0,37.0,12.138333333333334,3.1383333333333336,9.11798379032061,0.11798379032060957,3.1383333333333336,0.11798379032060957,6,0.07078141613474465
8-Nov,Virginia -6.5,-105,1.95,L,-1.0,Virginia,virginia,-6.5,False,2025_w7_louisville_virginia,2025,7,Virginia,Louisville,1.0,-6.5,0.0,-6.5,3.0,-5.572,0.9279999999999999,-6.490693072909139,0.009306927090860562,-0.9279999999999999,-0.009306927090860562,10,0.04083846384304679
8-Nov,BYU +12,-110,1.91,L,-1.0,BYU,byu,12.0,False,2025_w12_byu_texastech,2025,12,BYU,Texas Tech,1.0,10.5,1.5,10.5,22.0,8.735000000000001,-1.7649999999999988,10.25980392854945,-0.24019607145054955,1.7649999999999988,0.24019607145054955,10,0.07078141613474465
8-Nov,Missouri +7,-120,1.83,L,-1.0,Missouri,missouri,7.0,False,2025_w14_missouri_oklahoma,2025,14,Missouri,Oklahoma,1.0,6.5,0.5,6.5,11.0,6.384,-0.11599999999999966,6.40616244284132,-0.09383755715867981,0.11599999999999966,0.09383755715867981,10,0.07078141613474465
8-Nov,Nebraska -1,-110,1.91,W,0.91,Nebraska,nebraska,-1.0,False,2025_w12_nebraska_ucla,2025,12,Nebraska,UCLA,1.0,-1.0,0.0,-1.0,-7.0,-4.551666666666667,-3.5516666666666667,-1.2814439859066373,-0.28144398590663733,3.5516666666666667,0.28144398590663733,6,0.07078141613474465
12-Nov,Central Michigan -1.5,-109,1.92,W,0.92,Central Michigan,central michigan,-1.5,False,2025_w13_buffalo_centralmichigan,2025,13,Buffalo,Central Mich.,0.8571428571428571,-2.0,0.5,2.0,19.0,2.075,0.07500000000000018,1.9530266472944446,-0.04697335270555536,0.07500000000000018,-0.04697335270555536,10,0.07078141613474465
15-Nov,Penn State -6.5,-132,1.76,W,0.76,Penn State,penn state,-6.5,False,2025_w14_nebraska_pennstate,2025,14,Nebraska,Penn St.,1.0,-8.0,1.5,8.0,27.0,10.718333333333334,2.7183333333333337,8.095665585315436,0.09566558531543556,2.7183333333333337,0.09566558531543556,6,0.07078141613474465
15-Nov,Alabama -6.5,-101,1.99,L,-1.0,Alabama,alabama,-6.5,False,2025_w15_alabama_auburn,2025,15,Alabama,Auburn,1.0,-5.5,1.0,-5.5,-7.0,-6.970000000000001,-1.4700000000000006,-5.60075571734809,-0.10075571734808975,1.4700000000000006,0.10075571734808975,5,0.07078141613474465
15-Nov,Western Kentucky -12.5,-114,1.88,W,0.88,Western Kentucky,western kentucky,-12.5,False,2025_w13_middletennessee_westernkentucky,2025,13,Middle Tenn.,Western Kentucky,1.0,-13.0,0.5,13.0,16.0,15.813999999999998,2.8139999999999983,13.065387058601896,0.06538705860189609,2.8139999999999983,0.06538705860189609,10,0.07078141613474465
15-Nov,Utah -7.5,-130,1.77,W,0.77,Utah,utah,-7.5,False,2025_w8_arizonastate_utah,2025,8,Arizona St.,Utah,1.0,-9.5,2.0,9.5,32.0,4.619999999999999,-4.880000000000001,9.150503618514103,-0.34949638148589734,-4.880000000000001,-0.34949638148589734,7,0.04083846384304679
15-Nov,BYU -2.5,-133,1.75,W,0.75,BYU,byu,-2.5,False,2025_w14_byu_cincinnati,2025,14,BYU,Cincinnati,1.0,-2.5,0.0,-2.5,-12.0,-5.3116666666666665,-2.8116666666666665,-2.7179507533097973,-0.2179507533097973,2.8116666666666665,0.2179507533097973,6,0.07078141613474465
18-Nov,Bowling Green -2.5,-112,1.89,L,-1.0,Bowling Green,bowling green,-2.5,False,2025_w14_akron_bowlinggreen,2025,14,Akron,Bowling Green,1.0,-3.0,0.5,3.0,-3.0,4.473,1.4729999999999999,3.044569077279398,0.04456907727939807,1.4729999999999999,0.04456907727939807,10,0.07078141613474465
22-Nov,Army -9,-114,1.88,L,-1.0,Army,army,-9.0,False,2025_w7_army_uab,2025,7,Army,UAB,1.0,-6.5,2.5,-6.5,-18.0,-9.661,-3.1609999999999996,-6.657681551563358,-0.15768155156335784,3.1609999999999996,0.15768155156335784,10,0.04083846384304679
22-Nov,Arizona -5.5,-128,1.78,W,0.78,Arizona,arizona,-5.5,False,2025_w11_arizona_colorado,2025,11,Arizona,Colorado,1.0,-4.5,1.0,-4.5,-35.0,-0.9133333333333336,3.5866666666666664,-4.250247679531483,0.2497523204685166,-3.5866666666666664,-0.2497523204685166,6,0.07078141613474465
22-Nov,Maryland +14.5,-114,1.88,L,-1.0,Maryland,maryland,14.5,False,2025_w3_maryland_northernillinois,2025,3,Northern Ill.,Maryland,1.0,16.5,2.0,-16.5,-11.0,-14.123333333333333,2.376666666666667,-16.392768896862407,0.10723110313759321,2.376666666666667,0.10723110313759321,9,-0.029778037512505295
22-Nov,Texas -7,-122,1.82,W,0.82,Texas,texas,-7.0,False,2025_w13_georgia_texas,2025,13,Texas,Georgia,1.0,-6.5,0.5,-6.5,-25.0,-5.408333333333332,1.0916666666666677,-6.412027333244833,0.08797266675516724,-1.0916666666666677,-0.08797266675516724,6,0.07078141613474465
22-Nov,BYU -2.5,-117,1.85,W,0.85,BYU,byu,-2.5,False,2025_w14_byu_cincinnati,2025,14,BYU,Cincinnati,1.0,-2.5,0.0,-2.5,-12.0,-5.3116666666666665,-2.8116666666666665,-2.7179507533097973,-0.2179507533097973,2.8116666666666665,0.2179507533097973,6,0.07078141613474465
26-Nov,Memphis -3,-125,1.8,L,-1.0,Memphis,memphis,-3.0,False,2025_w13_eastcarolina_memphis,2025,13,Memphis,East Carolina,1.0,-3.0,0.0,-3.0,-4.0,-1.1116666666666666,1.8883333333333334,-2.881573102590788,0.1184268974092122,-1.8883333333333334,-0.1184268974092122,6,0.07078141613474465
29-Nov,Iowa State -13.5,-103,1.97,L,-1.0,Iowa State,iowa state,-13.5,False,2025_w15_iowastate_oklahomastate,2025,15,Iowa St.,Oklahoma St.,1.0,-14.0,0.5,-14.0,-7.0,-20.081111111111113,-6.081111111111113,-14.364151778690124,-0.3641517786901236,6.081111111111113,0.3641517786901236,9,0.07078141613474465
29-Nov,Ohio State -8.5,-115,1.87,W,0.87,Ohio State,ohio state,-8.5,False,2025_w6_ohiostate_washington,2025,6,Ohio St.,Washington,1.0,-7.5,1.0,-7.5,-18.0,-9.196000000000002,-1.6960000000000015,-7.590252357622274,-0.09025235762227357,1.6960000000000015,0.09025235762227357,10,0.04083846384304679
29-Nov,Syracuse +3,-108,1.93,L,-1.0,Syracuse,syracuse,3.0,False,2025_w15_bostoncollege_syracuse,2025,15,Boston College,Syracuse,1.0,3.0,0.0,-3.0,-22.0,2.338,5.338,-2.6374008107312967,0.36259918926870327,5.338,0.36259918926870327,5,0.07078141613474465
29-Nov,Louisiana -9,-112,1.89,L,-1.0,Louisiana,louisiana,-9.0,False,2025_w15_louisiana_ulm,2025,15,Louisiana-Monroe,Louisiana-Lafayette,0.72,-10.0,1.0,-10.0,-3.0,-14.622,-4.622,-10.290513787033417,-0.2905137870334169,4.622,0.2905137870334169,5,0.07078141613474465
29-Nov,Vanderbilt +3.5,-110,1.91,W,0.91,Vanderbilt,vanderbilt,3.5,False,2025_w3_vanderbilt_virginiatech,2025,3,Vanderbilt,Virginia Tech,1.0,2.5,1.0,2.5,-24.0,0.42142857142857143,-2.0785714285714287,2.451146688796924,-0.04885331120307601,2.0785714285714287,0.04885331120307601,7,-0.029778037512505295
29-Nov,Coastal Carolina +24,-110,1.91,L,-1.0,Coastal Carolina,coastal carolina,24.0,False,2025_w14_coastalcarolina_southcarolina,2025,14,Coastal Carolina,South Carolina,1.0,24.0,0.0,24.0,44.0,25.19,1.1900000000000013,23.868928151313458,-0.13107184868654187,-1.1900000000000013,0.13107184868654187,6,0.07078141613474465
29-Nov,UVA -7,-112,1.89,W,0.89,UVA,virginia,-7.0,False,2025_w7_louisville_virginia,2025,7,Virginia,Louisville,1.0,-6.5,0.5,-6.5,3.0,-5.572,0.9279999999999999,-6.490693072909139,0.009306927090860562,-0.9279999999999999,-0.009306927090860562,10,0.04083846384304679
29-Nov,Illinois -6.5,-113,1.88,W,0.88,Illinois,illinois,-6.5,False,2025_w6_illinois_usc,2025,6,USC,Illinois,1.0,-7.0,0.5,7.0,-2.0,6.3069999999999995,-0.6930000000000005,6.840496377652494,-0.15950362234750592,-0.6930000000000005,-0.15950362234750592,10,0.04083846384304679
29-Nov,NC State -6.5,-130,1.77,W,0.77,NC State,nc state,-6.5,False,2025_w4_ncstate_wakeforest,2025,4,NC St.,Wake Forest,1.0,-7.0,0.5,-7.0,-10.0,-6.8100000000000005,0.1899999999999995,-7.0170314370197975,-0.01703143701979748,-0.1899999999999995,0.01703143701979748,10,0.04083846384304679
29-Nov,UNLV -6.5,-130,1.77,W,0.77,UNLV,unlv,-6.5,False,2025_w8_airforce_unlv,2025,8,Air Force,UNLV,1.0,-7.0,0.5,7.0,3.0,9.159,2.1590000000000007,6.956967676532863,-0.04303232346713681,2.1590000000000007,-0.04303232346713681,10,0.04083846384304679
