ranking_method,top_n,top_n_label,line_reference,oos_games,market_mae,signal_mae,mae_improvement,market_rmse,signal_rmse,rmse_improvement,residual_corr,mean_gamma,median_gamma,positive_gamma_folds,folds
incremental,3,3,Close (PT Updated/final),1592,11.816116533735217,11.871393474815774,-0.055276941080556696,15.15798090847149,15.194973441164658,-0.03699253269316749,0.025384110309740658,0.19050957315943803,0.11239949531607754,7,8
incremental,3,3,Midweek,1592,11.82982880749987,11.882461712186245,-0.052632904686374715,15.178977143177127,15.208395171664208,-0.02941802848708086,0.0313085435409292,0.18965314327694643,0.12118374591123016,7,8
incremental,3,3,Open,1718,11.8132979796486,11.83112314529282,-0.017825165644218544,15.114107730306648,15.120074134101483,-0.005966403794834818,0.03088561389391855,0.2658811075558523,0.2151969489076632,8,8
incremental,5,5,Close (PT Updated/final),1819,11.867540849189014,11.877041199504628,-0.009500350315613915,15.110941785376019,15.117739721049286,-0.0067979356732674745,-0.007945973035766326,0.07668160672476786,0.03908372782142877,7,8
incremental,5,5,Midweek,2052,12.031299564737152,12.024220785581985,0.00707877915516697,15.342268827584833,15.298122667454027,0.04414616013080597,0.09764203977032133,0.11664485492769348,0.10561412237417664,8,8
incremental,5,5,Open,2190,11.953486303511891,11.962591788383175,-0.009105484871284375,15.177482090342691,15.188682945908765,-0.011200855566073642,0.023832189133443225,0.3152320947018312,0.3034198401538436,8,8
incremental,8,8,Close (PT Updated/final),2426,12.027713572824863,12.033750821633763,-0.0060372488088997756,15.255192815450512,15.252510942427099,0.0026818730234126065,0.00221192105909178,0.1012294806986472,0.12284185870302233,7,8
incremental,8,8,Midweek,2426,12.084795233670949,12.081329588604412,0.0034656450665373484,15.40269529800298,15.360243415710631,0.0424518822923492,0.0739525334764122,0.14177697837082157,0.15086119963455852,8,8
incremental,8,8,Open,2308,12.055893021807456,12.0554657952217,0.00042722658575655714,15.307270970365463,15.301822306025352,0.0054486643401112644,0.04135654544858525,0.34703509552131784,0.3492594490434239,8,8
incremental,10,10,Close (PT Updated/final),2426,12.027149960394288,12.031872319700303,-0.004722359306015278,15.2550385303133,15.252333878405292,0.00270465190800806,0.002279759480245436,0.10363137313457094,0.13340358021539414,7,8
incremental,10,10,Midweek,2426,12.084770273118034,12.0847905149721,-2.0241854066682663e-05,15.402706197306758,15.365744693597584,0.036961503709173726,0.06749103617760945,0.13222852267559346,0.1675197465832554,7,8
incremental,10,10,Open,2426,12.088022830804865,12.084389674838038,0.0036331559668276725,15.32135190064805,15.307775739714431,0.013576160933618908,0.048117662940386705,0.35242234595046645,0.35522775897476966,8,8
incremental,15,15,Close (PT Updated/final),2426,12.027149960394288,12.032623751452304,-0.00547379105801582,15.2550385303133,15.250754684188353,0.004283846124947033,0.010744896931226289,0.08199659220456441,0.11401506835940967,7,8
incremental,15,15,Midweek,2426,12.084770273118034,12.085313520360325,-0.000543247242291045,15.402706197306758,15.366444420150534,0.036261777156223474,0.08094592546856727,0.1283476539190882,0.15416898266827406,8,8
incremental,15,15,Open,2426,12.088022830804865,12.086660270281437,0.0013625605234288685,15.32135190064805,15.308827613384604,0.012524287263445899,0.047653827176259586,0.35675059734431214,0.3507653505756431,8,8
incremental,20,20,Close (PT Updated/final),2426,12.027149960394288,12.028165085878282,-0.0010151254839936286,15.2550385303133,15.250691516846594,0.004347013466706073,0.007263789478594194,0.050889832969067475,0.05233073075296951,7,8
incremental,20,20,Midweek,2426,12.084770273118034,12.084438885958093,0.0003313871599406326,15.402706197306758,15.369503401130071,0.03320279617668653,0.08139418953833492,0.09161170879153478,0.1131830640021968,7,8
incremental,20,20,Open,2426,12.088022830804865,12.086351046675855,0.0016717841290105895,15.32135190064805,15.309620623050405,0.011731277597645473,0.04548460702945015,0.3351402089111893,0.31741910100270193,8,8
incremental,25,25,Close (PT Updated/final),2426,12.027149960394288,12.025416460820686,0.0017334995736018044,15.2550385303133,15.251454840092707,0.0035836902205925725,0.00967110457441429,0.014139073127193577,0.02731973580119118,5,8
incremental,25,25,Midweek,2426,12.084770273118034,12.08252066956904,0.002249603548992951,15.402706197306758,15.374478967033777,0.028227230272980464,0.07928818687664184,0.04169617268089213,0.07626421098960612,5,8
incremental,25,25,Open,2426,12.088022830804865,12.088373216555603,-0.00035038575073720324,15.32135190064805,15.312392884095233,0.008959016552816834,0.039884393019155764,0.2893835212594176,0.281959354779108,8,8
incremental,35,35,Close (PT Updated/final),2426,12.027149960394288,12.023000551346483,0.004149409047805364,15.2550385303133,15.254901982408297,0.00013654790500261527,0.005879764402789119,-0.04512133826951468,-0.032570958290740526,2,8
incremental,35,35,Midweek,2426,12.084770273118034,12.080351192484624,0.004419080633409678,15.402706197306758,15.384870513000564,0.017835684306193755,0.07781131324641112,-0.012505914758934781,0.01450535308590617,4,8
incremental,35,35,Open,2426,12.088022830804865,12.088039867163673,-1.7036358807231977e-05,15.32135190064805,15.313471365164066,0.007880535483984374,0.03381753082856755,0.21280713772356244,0.21504692212358473,8,8
incremental,999,All,Close (PT Updated/final),2426,12.027149960394288,12.024160174215233,0.0029897861790555424,15.2550385303133,15.264743272933153,-0.00970474261985288,0.0006671460856208475,-0.15233279459619453,-0.13966672491767224,0,8
incremental,999,All,Midweek,2426,12.084770273118034,12.08424555534881,0.0005247177692240257,15.402706197306758,15.429709248013564,-0.02700305070680642,0.0734145975470668,-0.13528670793590938,-0.11540090352854343,0,8
incremental,999,All,Open,2426,12.088022830804865,12.091098657888928,-0.00307582708406251,15.32135190064805,15.320799423919258,0.0005524767287923282,0.006210940724568483,0.05442000798500917,0.050086950990797435,8,8
mae,3,3,Close (PT Updated/final),1683,11.749340271383456,11.83613045690966,-0.08679018552620299,15.024567470698251,15.121484135827918,-0.09691666512966712,0.030914930420083662,-0.10124562244677633,0.0015247139964039702,4,8
mae,3,3,Midweek,1683,11.754038087108855,11.86032515109499,-0.10628706398613552,15.039313076712963,15.150701630077613,-0.11138855336464992,0.030140746882201166,-0.08528298989322525,0.039429587323488335,5,8
mae,3,3,Open,1683,11.835290679915827,11.929054067196112,-0.09376338728028522,15.11724657299553,15.202263896530283,-0.08501732353475333,0.05248958760802983,0.06399865685844083,0.23048778416545068,6,8
mae,5,5,Close (PT Updated/final),1875,11.745514060393736,11.771567369831747,-0.02605330943801043,15.022642422635128,15.042471148572085,-0.01982872593695717,0.030204799633653703,-0.06451016906023517,0.0034281350794007626,5,8
mae,5,5,Midweek,1875,11.750677431479678,11.803532203111216,-0.05285477163153729,15.027148938157982,15.06247637989849,-0.03532744174050784,0.026551557681098376,-0.05533088416644464,0.051683446320613724,5,8
mae,5,5,Open,1875,11.83544560483533,11.879689874168758,-0.04424426933342751,15.107994149665588,15.122278513709643,-0.014284364044055309,0.051082306595544934,0.116891473656647,0.2133299759081142,7,8
mae,8,8,Close (PT Updated/final),2080,11.843181809242633,11.847001427419498,-0.003819618176864381,15.089851523857046,15.091513304203344,-0.0016617803462981584,0.04646917862467382,0.015502833705975539,0.0063594289028114925,6,8
mae,8,8,Midweek,2080,11.858866985605857,11.863625333617403,-0.004758348011545621,15.104520278222738,15.103179335122533,0.0013409431002049388,0.04759570416434468,0.04269048908941774,0.054915869436399034,7,8
mae,8,8,Open,2080,11.931092900477994,11.925740680353382,0.005352220124612117,15.176701565341299,15.148213259458807,0.02848830588249207,0.07065331402307676,0.2338519560887793,0.28208281007630787,8,8
mae,10,10,Close (PT Updated/final),2323,12.02185139484355,12.019106282325659,0.002745112517891002,15.241260421836415,15.237805025696918,0.003455396139496969,0.03532728504524483,0.031847565471374975,0.0438060186710342,6,8
mae,10,10,Midweek,2323,12.079869698796395,12.07354030018874,0.006329398607656245,15.395118389781512,15.364754748848746,0.03036364093276589,0.11053742587377449,0.06861940708835483,0.0933180619420596,6,8
mae,10,10,Open,2323,12.088518803790443,12.078245036041022,0.010273767749421125,15.313248289119924,15.290200258847907,0.023048030272017073,0.05404343019242722,0.2666764428619029,0.2855428219349466,8,8
mae,15,15,Close (PT Updated/final),2426,12.027149960394288,12.028004254926744,-0.0008542945324556683,15.2550385303133,15.252976823154567,0.002061707158732773,0.029800831559596903,0.03299555769903661,0.04413284534004608,7,8
mae,15,15,Midweek,2426,12.084770273118034,12.083425016609059,0.001345256508974657,15.402706197306758,15.38037491703825,0.02233128026850828,0.1043094421291064,0.07412959036115846,0.0723381365230783,8,8
mae,15,15,Open,2426,12.088022830804865,12.083952801006898,0.004070029797967223,15.32135190064805,15.303630247953445,0.017721652694605794,0.04658831434221191,0.2895693391675635,0.30878384568742623,8,8
mae,20,20,Close (PT Updated/final),2426,12.027149960394288,12.027871659028337,-0.0007216986340488063,15.2550385303133,15.255534306464996,-0.000495776151696603,0.031426413300145395,0.0017052708104501396,0.01141709467812102,6,8
mae,20,20,Midweek,2426,12.084770273118034,12.084942629334288,-0.0001723562162538883,15.402706197306758,15.39474814367352,0.007958053633238649,0.10496717503830935,0.03912109419606274,0.0503380451509039,6,8
mae,20,20,Open,2426,12.088022830804865,12.08043323961313,0.007589591191734968,15.32135190064805,15.304115698972849,0.017236201675201457,0.04628567141042013,0.25932136584364374,0.25956326678118224,8,8
mae,25,25,Close (PT Updated/final),2426,12.027149960394288,12.028783781370802,-0.0016338209765134337,15.2550385303133,15.256296247589901,-0.001257717276601511,0.02651594634609275,-0.008642728791093249,0.004386654621557962,4,8
mae,25,25,Midweek,2426,12.084770273118034,12.085446272470412,-0.0006759993523779428,15.402706197306758,15.390248031298686,0.012458166008071814,0.10020062979146446,0.02726829765854715,0.0539708139706635,6,8
mae,25,25,Open,2426,12.088022830804865,12.083957279756689,0.00406555104817663,15.32135190064805,15.308319812813933,0.01303208783411769,0.039519913187634814,0.2418342419046184,0.23727188256739346,8,8
mae,35,35,Close (PT Updated/final),2426,12.027149960394288,12.026800739179697,0.0003492212145914664,15.2550385303133,15.257185929598728,-0.0021473992854286195,0.018729728208992075,-0.037038250238803944,-0.02260436091292406,2,8
mae,35,35,Midweek,2426,12.084770273118034,12.08372710915156,0.001043163966473415,15.402706197306758,15.389882069087644,0.012824128219113717,0.09118676790705117,-0.00781721257866755,0.024528207091265464,4,8
mae,35,35,Open,2426,12.088022830804865,12.089012786271438,-0.0009899554665722121,15.32135190064805,15.313591440132118,0.007760460515932266,0.02780592521751511,0.19000266006051245,0.19709805011331058,8,8
mae,999,All,Close (PT Updated/final),2426,12.027149960394288,12.02416017421523,0.002989786179057319,15.2550385303133,15.264743272933153,-0.00970474261985288,0.0006671460856208472,-0.15233279459619445,-0.13966672491767207,0,8
mae,999,All,Midweek,2426,12.084770273118034,12.08424555534881,0.0005247177692240257,15.402706197306758,15.429709248013564,-0.02700305070680642,0.07341459754706683,-0.1352867079359088,-0.11540090352854282,0,8
mae,999,All,Open,2426,12.088022830804865,12.091098657888928,-0.00307582708406251,15.32135190064805,15.320799423919254,0.0005524767287958809,0.006210940724568458,0.054420007985008984,0.05008695099079832,8,8
wilson,3,3,Close (PT Updated/final),2080,11.85808695948475,11.862320892582249,-0.004233933097498976,15.103644194975594,15.100139059379636,0.0035051355959581088,0.029968786556286826,0.042249347457767136,0.022684603623654764,6,8
wilson,3,3,Midweek,2426,12.084745846385358,12.08146645037853,0.00327939600682825,15.402701891650267,15.386415112339886,0.016286779310380695,0.06255982829760064,0.02516290014702576,0.035329252879598705,6,8
wilson,3,3,Open,2239,12.137292971322529,12.128302158718354,0.008990812604174891,15.402195082162859,15.38327606465793,0.018919017504929414,0.041726977880016454,0.14085533828459224,0.14694604604851724,8,8
wilson,5,5,Close (PT Updated/final),2426,12.027239251066355,12.028442793816582,-0.001203542750227271,15.255172516353472,15.251776997849547,0.0033955185039253877,0.019320800290989395,0.03571637318830687,0.040685163896627685,7,8
wilson,5,5,Midweek,2426,12.084770273118034,12.07976626352305,0.005004009594983927,15.402706197306758,15.37742912361462,0.02527707369213772,0.08506559625665058,0.035246813411732955,0.048027638612182955,6,8
wilson,5,5,Open,2426,12.088006252414026,12.079142637782468,0.008863614631557937,15.32135064723364,15.300911170725009,0.020439476508631316,0.04486697118379848,0.18694963682533394,0.20290782390469825,8,8
wilson,8,8,Close (PT Updated/final),2426,12.027149960394288,12.026595321642274,0.0005546387520141138,15.2550385303133,15.253419724960226,0.0016188053530736823,0.010793639837862745,0.021570806158653394,0.028583871345990552,6,8
wilson,8,8,Midweek,2426,12.084770273118034,12.083526413441962,0.0012438596760713239,15.402706197306758,15.376699282690582,0.026006914616175436,0.08658438424591833,0.04411448395643008,0.06251477884903661,5,8
wilson,8,8,Open,2426,12.088022830804865,12.084174611595351,0.00384821920951417,15.32135190064805,15.305778428266303,0.015573472381747777,0.022438227682834603,0.17836625714363283,0.1965339721838284,8,8
wilson,10,10,Close (PT Updated/final),2426,12.027149960394288,12.027284656988346,-0.00013469659405807022,15.2550385303133,15.25291355367369,0.00212497663961031,0.012491645773225297,0.010229658102105604,0.01917183978665643,5,8
wilson,10,10,Midweek,2426,12.084770273118034,12.087210990536846,-0.002440717418812355,15.402706197306758,15.38213953686799,0.020566660438767315,0.0879376117143995,0.04814777491144494,0.08089449304050104,6,8
wilson,10,10,Open,2426,12.088022830804865,12.087797878414937,0.0002249523899280348,15.32135190064805,15.30758483241262,0.013767068235431168,0.019698887750083813,0.17008873821914502,0.18688915969644637,8,8
wilson,15,15,Close (PT Updated/final),2426,12.027149960394288,12.02601188594668,0.0011380744476081617,15.2550385303133,15.252838393769874,0.002200136543425657,0.011441341196781979,0.0009512134120863673,0.016704967512572444,4,8
wilson,15,15,Midweek,2426,12.084770273118034,12.083015974723569,0.0017542983944647261,15.402706197306758,15.384907069698965,0.017799127607792897,0.07753881239614059,0.007748652978372848,0.06380926665027364,5,8
wilson,15,15,Open,2426,12.088022830804865,12.087547696229763,0.0004751345751028424,15.32135190064805,15.311156265661774,0.010195634986276403,0.019546883162655147,0.1333478916752083,0.15351550946359896,8,8
wilson,20,20,Close (PT Updated/final),2426,12.027149960394288,12.023719510546186,0.003430449848101702,15.2550385303133,15.254970657830984,6.787248231532317e-05,0.007139007391303502,-0.03740032315027012,-0.015344965800100058,2,8
wilson,20,20,Midweek,2426,12.084770273118034,12.081549748965374,0.0032205241526597206,15.402706197306758,15.396879100028588,0.005827097278169546,0.08212566269072523,-0.024467290583777956,0.018605285918291026,5,8
wilson,20,20,Open,2426,12.088022830804865,12.090402719162457,-0.0023798883575913976,15.32135190064805,15.315055179711972,0.006296720936077804,0.009689370950441978,0.09867462491263997,0.12096238394331571,8,8
wilson,25,25,Close (PT Updated/final),2426,12.027149960394288,12.023697709089008,0.0034522513052799297,15.2550385303133,15.256930651607217,-0.0018921212939169152,0.006177224775853656,-0.06577323372688836,-0.03183881208575762,0,8
wilson,25,25,Midweek,2426,12.084770273118034,12.083259995389488,0.001510277728545617,15.402706197306758,15.406236367820771,-0.0035301705140131645,0.08041392416949211,-0.048037556272248455,-0.026966890903579455,1,8
wilson,25,25,Open,2426,12.088022830804865,12.09144490417507,-0.0034220733702046147,15.32135190064805,15.317620485979209,0.003731414668841637,0.012669388546277045,0.09606550642545407,0.0966145049721766,8,8
wilson,35,35,Close (PT Updated/final),2426,12.027149960394288,12.02330547496123,0.0038444854330581535,15.2550385303133,15.259733785420426,-0.004695255107126428,0.0016438738702210793,-0.09463335129938885,-0.08812886992364793,0,8
wilson,35,35,Midweek,2426,12.084770273118034,12.083771598016224,0.0009986751018100648,15.402706197306758,15.419083123298273,-0.016376925991515634,0.07378716260692064,-0.08447542114758516,-0.05099545509643444,0,8
wilson,35,35,Open,2426,12.088022830804865,12.091683609860887,-0.003660779056021468,15.32135190064805,15.319534212360816,0.0018176882872342759,0.008427715825110895,0.0925137434786893,0.09039692173840849,8,8
wilson,999,All,Close (PT Updated/final),2426,12.027149960394288,12.02416017421523,0.002989786179057319,15.2550385303133,15.264743272933153,-0.00970474261985288,0.0006671460856208661,-0.15233279459619434,-0.1396667249176717,0,8
wilson,999,All,Midweek,2426,12.084770273118034,12.084245555348812,0.0005247177692222493,15.402706197306758,15.429709248013564,-0.02700305070680642,0.07341459754706683,-0.1352867079359092,-0.1154009035285434,0,8
wilson,999,All,Open,2426,12.088022830804865,12.09109865788893,-0.0030758270840642865,15.32135190064805,15.320799423919254,0.0005524767287958809,0.0062109407245684554,0.05442000798500909,0.050086950990798185,8,8
