lineopen,line,road,home,linehow,linedokter,linebihl,linemidweek,linekeep,linecong,linebillings,lineharville,linebig200,linepve,linepiratings,linepimean,linepibias,linefei,linerwp,linemassey,lineclean,linecraig,linedonchess,linesag,linesagpred,linesaggm,linesagr,lineversus,linedwig,linefpi,linetalis,linecfp,linepig,linefidler,neutral,linel2,linepfz,linemoore,lineelo,linelaz,linekam,linel2hf,linekerns,lineteamrank,linefluker,linelog,linecons,lineloud,linecurry,linedunk,linewayward,linedoi,linenewbury,lineborn,lineavg,linestd,linemedian,phcover,phwin,lineca
-6.5,-2.5,North Dakota St.,Air Force,11.5,,,,,2.93,3.29,,,-13.8,,,,,,-2.64,-19.0,,0.1,-3.64,-2.51,-1.85,-7.88,-2.25,,,-9.22,,,-6.446425153,0,,-0.64,-17.92,0.483346023,-7.87,-11.4168,,,-4.4,-3.7,,-4.774,7,-5.5,,14.37,-8.85,,,-4.065355165,7.6336835893,-3.7,0.4739137624,0.4090246164,-2.5
4.0,3.5,South Florida,Army,4.0,,,,,12.24,0.444,,,-8.4,,,,,,0.37,-11.0,,2.7,9.21,4.8,2.27,29.39,1.54,,,-9.78,,,-0.197616065,0,,7.3,0.23,-0.831537187,1.79,-10.0041,,,10.5,0.2,,-3.6505,6,-7.18,,-0.03,-7.49,,,1.1368098699,8.6509426082,0.37,0.4612095818,0.5249932067,3.0
29.5,33.5,Southern Miss.,Auburn,11.5,,,,,18.15,26.686,,,19.0,,,,,,28.33,1.5,,27.5,27.69,33.69,35.36,18.14,28.93,,,22.07,,,33.152634719,0,,10.49,19.0,20.784682445,13.24,21.6522,,,25.8,32.2,,33.6,6,1.73,,25.06,31.61,,,22.674620687,9.4769432748,25.06,0.329770548,0.8893100345,32.5
7.5,7.5,Arizona,BYU,11.0,,,,,10.22,6.833,,,20.4,,,,,,5.82,2.0,,6.8,3.54,8.17,7.88,-1.22,6.24,,,5.65,,,7.35053586,0,,6.51,8.94,5.854182354,2.09,8.5218,,,13.9,10.8,,10.2445,5,5.11,,8.11,5.77,,,7.4613607286,4.1927918051,6.833,0.499331418,0.6746397749,7.5
8.5,8.5,Memphis,Boise St.,2.5,,,,,14.71,12.35,,,14.1,,,,,,6.3,4.5,,7.3,8.53,9.37,7.61,9.99,10.36,,,5.78,,,13.66641922,0,,-0.03,6.02,6.649527737,6.59,3.7565,,,13.8,9.3,,7.721,1,-20.4,9.963,6.8,4.75,,,6.9994787291,6.6870919575,7.455,0.474691606,0.6572545821,8.5
4.0,3.0,Rutgers,Boston College,-0.5,,,,,7.12,1.164,,,-11.0,,,,,,0.22,10.0,,3.1,5.62,0.13,2.52,13.71,6.49,,,-1.23,,,-0.745947276,0,,3.15,0.32,-5.36475965,4.63,-7.1942,,,4.5,-1.6,,-6.65,-1,-22.55,12.989,-3.16,-2.05,,,0.5237728105,7.5269285295,0.27,0.4587202862,0.5118535973,3.0
23.5,20.5,Georgia Southern,Clemson,7.5,,,,,12.82,20.924,,,26.3,,,,,,23.18,11.5,,22.5,19.18,25.69,24.59,11.41,20.85,,,19.95,,,25.455689505,0,,-2.5,15.69,15.836715985,10.12,22.0472,,,17.5,21.6,,29.05,8,-14.71,,21.56,26.51,,,17.38214422,9.8070942932,20.85,0.4497789841,0.8235235994,20.5
-13.5,-13.0,Maryland,Connecticut,3.5,,,,,-6.85,-12.417,,,4.3,,,,,,-8.14,17.0,,-9.6,-10.74,-13.45,-13.7,-5.87,-7.31,,,1.2,,,-10.91700565,0,,3.25,-0.98,2.267619875,0.47,-0.2134,,,-11.4,-14.1,,-6.1425,-5,-2.37,,-5.45,-10.89,,,-4.742091431,7.4913159962,-6.1425,0.6352720439,0.3938568565,-12.0
9.5,7.5,Appalachian St.,East Carolina,6.5,,,,,1.5,14.906,,,33.9,,,,,,12.4,21.0,,6.7,0.28,5.51,5.79,-14.05,9.05,,,21.84,,,11.332290347,0,,-1.87,19.61,22.041059875,1.71,17.1401,,,-0.1,15.4,,21.35,-1,-16.88,,11.52,18.69,,,9.8107780089,11.598233631,11.332290347,0.5361502484,0.6906642284,7.5
-6.5,-5.0,Navy,Florida Atlantic,-15.0,,,,,-4.96,-3.341,,,-26.8,,,,,,-11.34,-11.5,,-4.1,-2.39,-5.2,-5.54,2.48,-8.73,,,-11.74,,,-3.292736846,0,,-15.83,-17.78,-11.37495795,-12.07,-15.2398,,,-8.3,-8.8,,-14.651,-4,-24.83,,-8.03,-19.39,,,-10.70997979,6.9986653245,-11.34,0.4049128291,0.269181203,-5.5
10.5,10.5,Buffalo,Florida Intl.,-0.5,,,,,8.59,2.733,,,14.3,,,,,,6.21,10.0,,6.6,6.78,6.86,2.95,10.99,5.33,,,11.41,,,6.2643763266,0,,-0.5,7.99,10.409495526,5.44,5.6855,,,7.4,6.3,,5.6,-5,-3.45,,1.18,1.35,,,5.8368948741,4.1434263339,6.2643763266,0.4198295598,0.6385015158,9.5
18.5,18.0,Sacramento St.,Fresno St.,19.0,,,,,24.53,18.535,,,19.2,,,,,,18.43,15.0,,22.0,8.12,12.94,14.06,-1.88,15.79,,,14.24,,,16.763480325,0,,-6.65,19.0,12.01800131,11.72,19.9802,,,12.9,26.2,,23.499,7,-31.04,,16.68,20.39,,,13.657027265,11.8623264,16.68,0.4326108685,0.7540871192,18.0
39.0,40.5,Western Kentucky,Georgia,25.5,,,,,37.75,33.015,,,37.9,,,,,,35.87,18.0,,33.0,40.53,41.99,43.11,43.79,39.63,,,29.88,,,47.617898253,0,,28.0,31.41,25.63656398,31.31,31.8453,,,48.8,38.9,,32.886,9,36.56,,30.77,33.31,,,35.080430489,7.1865894117,33.31,0.4098726599,0.9776023847,40.0
-13.5,-12.5,Tennessee,Georgia Tech,-4.5,,,,,-4.41,-2.725,,,2.0,,,,,,-7.31,3.5,,-9.4,-8.31,-8.3,-10.6,-7.88,-7.11,,,-3.48,,,-15.43540222,0,,-7.29,-5.12,-0.708908473,-4.71,-6.3035,,,-11.2,-5.4,,-2.184,-6,-22.83,,-8.24,-20.41,,,-7.134272428,5.961201324,-7.11,0.5905235629,0.3375077605,-11.5
10.0,8.5,New Mexico St.,Hawaii,5.5,,,,,5.65,8.869,,,23.6,,,,,,10.17,13.0,,8.2,4.66,8.06,10.47,-4.16,8.43,,,12.38,,,15.135173049,0,,2.7,7.61,18.466791872,2.65,16.115,,,3.9,15.6,,14.7385,-1,-3.97,19.815,13.14,13.25,,,9.7684409585,6.7196322839,9.5195,0.5213897928,0.713887822,8.5
6.5,6.0,Duke,Illinois,4.0,,,,,,5.18,,,6.8,,,,,,4.55,7.0,,4.4,5.68,8.86,9.0,1.65,5.6,,,6.44,,,5.2193864696,0,,2.66,0.01,4.162191814,1.66,5.9751,,,5.6,8.1,,7.7,1,8.0,,8.75,3.73,,,5.4465282618,2.4167456852,5.6,0.4903166029,0.6322742809,6.0
14.5,14.0,Iowa St.,Iowa,8.0,,,,,,23.306,,,15.9,,,,,,9.03,13.0,,14.5,15.34,17.41,17.31,13.34,14.93,,,12.4,,,,0,,8.42,16.97,13.971247889,10.88,13.9872,,,17.7,17.6,,12.6,2,1.06,,9.98,9.17,,,13.339323821,4.5507196595,13.971247889,0.4886032542,0.7895374571,14.0
-6.5,-5.5,Missouri,Kansas,-3.5,,,,,-4.3,-5.806,,,-4.8,,,,,,-2.8,-2.5,,-5.1,-0.27,-5.51,-6.95,7.52,0.37,,,-5.81,,,-7.706070638,0,,-0.72,-4.93,-3.722407483,1.74,-0.9192,,,-3.8,-5.1,,-8.0675,-3,-15.52,,-2.12,-11.57,,,-4.075647125,4.4168049155,-4.3,0.5245856643,0.4026707729,-5.5
18.5,19.0,Washington St.,Kansas St.,9.5,,,,,,14.393,,,6.1,,,,,,12.33,7.5,,18.0,18.33,17.36,18.62,22.67,16.93,,,7.05,,,14.384452833,0,,19.42,9.76,6.258353652,11.03,10.3941,,,18.0,12.8,,16.338,4,32.6,,10.61,13.25,,,14.317829437,6.0254796913,13.817226417,0.4208995161,0.7996377689,18.5
9.5,9.5,Georgia St.,Kennesaw St.,7.5,,,,,,9.6,,,23.3,,,,,,2.53,21.0,,7.0,8.27,8.36,8.39,9.19,7.64,,,18.53,,,10.869556173,0,,9.08,12.54,18.921910136,7.65,11.5611,,,6.6,9.6,,14.1365,-6,-8.62,,2.35,8.83,,,9.7845444295,6.5484434506,8.955,0.5048102539,0.7149382309,9.5
-10.5,-10.5,Alabama,Kentucky,-13.0,,,,,-7.3,-7.087,,,-18.1,,,,,,-12.43,-10.5,,-9.6,-6.99,-8.34,-8.64,-5.52,-10.92,,,-11.47,,,-12.97248328,0,,-12.29,-10.39,-7.783802098,-12.01,-10.2189,,,-13.7,-10.0,,-9.0335,-7,9.38,,-10.93,-12.25,,,-9.683827415,4.78849172,-10.39,0.5140489407,0.2803107235,-10.5
31.5,35.5,Louisiana Tech,LSU,18.0,,,,,14.24,27.95,,,16.5,,,,,,28.31,3.5,,31.0,32.26,34.08,37.45,27.77,31.0,,,18.54,,,34.317334675,0,,13.83,24.79,14.38219875,25.39,23.2773,,,28.8,27.6,,30.2085,11,-19.79,,24.92,27.87,,,23.047813337,11.946792591,27.6,0.3135163899,0.8763916385,34.5
17.5,13.5,Middle Tenn.,Marshall,11.5,,,,,13.82,6.011,,,23.7,,,,,,12.1,6.0,,13.6,9.98,11.73,10.31,8.65,11.51,,,11.89,,,14.885236753,0,,0.65,9.01,8.365272596,8.73,13.4237,,,8.6,13.9,,16.324,5,-24.39,,14.8,13.93,,,9.961168374,8.3444991689,11.51,0.4417695724,0.7101126789,13.5
-5.5,-5.5,Oklahoma,Michigan,6.0,,,,,-5.62,1.236,,,-2.6,,,,,,1.04,3.5,,-3.2,-8.22,-1.35,-5.0,-13.67,-5.23,,,-2.92,,,-3.376409501,0,,-3.08,-5.92,1.005183504,-5.11,0.9673,,,-7.6,2.9,,3.15,6,-16.62,-4.032,7.04,-0.35,,,-2.579227923,5.4621207993,-3.0,0.549835636,0.4391622463,-5.5
17.5,17.0,Eastern Mich.,Michigan St.,15.0,,,,,7.77,15.298,,,21.3,,,,,,26.12,5.0,,14.5,16.85,21.24,22.54,8.83,20.36,,,22.93,,,16.750123898,0,,6.09,22.85,14.647454517,15.4,13.4228,,,15.3,19.1,,18.9,4,-5.82,32.418,17.58,20.05,,,16.324091478,7.6085239976,16.800061949,0.4887258436,0.822343566,17.0
-1.5,-1.0,Mississippi St.,Minnesota,9.0,,,,,4.64,9.421,,,17.1,,,,,,0.77,7.5,,0.5,3.48,3.13,3.23,4.22,-1.03,,,-3.15,,,2.5965665186,0,,7.98,4.99,6.798090865,1.77,1.3248,,,2.5,3.1,,8.7535,2,-7.74,,5.88,4.41,,,4.0469582953,4.7666878319,3.48,0.5862265638,0.5961059723,0.0
46.5,47.5,Charlotte,Mississippi,35.5,,,,,36.07,42.642,,,49.8,,,,,,42.63,27.5,,36.5,48.22,48.89,50.99,53.27,46.44,,,46.36,,,50.081805577,0,,27.16,42.46,49.312004052,37.87,45.1452,,,48.5,40.9,,46.823,12,5.37,,39.15,44.19,,,41.670960385,10.200363931,44.19,0.407310307,0.9861755669,47.5
28.5,28.5,Bowling Green,Nebraska,17.0,,,,,32.75,29.099,,,28.1,,,,,,28.87,13.5,,25.0,26.28,31.98,33.83,16.35,26.22,,,24.75,,,33.384787592,0,,13.23,27.29,23.435298107,21.13,20.6405,,,34.0,25.4,,32.207,1,4.63,,21.08,31.95,,,24.884263428,7.5395793742,26.22,0.4398559777,0.9209378717,28.5
-6.5,-3.5,UNLV,North Texas,3.0,,,,,0.62,4.477,,,23.2,,,,,,3.84,14.5,,-4.5,-2.28,-2.97,-4.21,-0.03,-0.04,,,14.36,,,-5.686901861,0,,-5.11,5.27,10.44985703,0.9,6.6322,,,-4.3,2.1,,8.4,-2,-9.47,7.599,6.2,5.09,,,3.0015828911,7.3812662204,2.55,0.6074520947,0.5678476563,-3.0
44.5,44.5,Rice,Notre Dame,28.5,,,,,35.31,32.496,,,51.5,,,,,,43.29,33.0,,36.5,42.68,47.59,48.59,36.24,49.27,,,47.9,,,55.85617875,0,,24.34,48.29,39.891000311,33.86,47.7202,,,45.2,48.3,,44.0895,11,-2.85,,42.31,30.93,,,39.632115162,11.922710155,42.68,0.4246400297,0.9767710468,44.5
2.0,3.0,Jacksonville St.,Ohio,7.5,,,,,-3.58,10.448,,,13.5,,,,,,5.77,8.0,,0.9,0.34,-0.97,-1.04,2.77,1.85,,,5.69,,,1.6396430088,0,,-0.07,4.76,8.360258467,3.91,14.8068,,,-1.4,7.4,,10.458,-1,-15.46,,7.5,7.47,,,4.022108059,6.2805331319,4.76,0.5173273837,0.5928163823,3.0
-21.5,-22.5,Oregon,Oklahoma St.,-31.0,,,,,-19.51,-28.101,,,-52.7,,,,,,-28.0,-20.5,,-23.5,-19.99,-23.58,-27.9,-19.42,-25.69,,,-38.76,,,-34.42687931,0,,-21.53,-32.66,-34.0335307,-26.59,-37.0115,,,-23.4,-26.2,,-26.306,-4,-12.75,-39.064,-24.0,-31.63,,,-28.00972731,8.2024766391,-26.448,0.409618353,0.0590653968,-23.0
-27.5,-26.5,Texas Tech,Oregon St.,-17.0,,,,,-23.42,-27.177,,,-44.2,,,,,,-21.36,-22.0,,-25.0,-13.75,-27.45,-30.88,0.44,-20.47,,,-34.58,,,-28.76718857,0,,-13.25,-29.03,-36.22330554,-13.11,-32.9292,,,-20.9,-22.1,,-30.786,-1,-37.44,,-17.83,-34.69,,,-24.95610776,9.6742051167,-25.0,0.5249711054,0.0903543574,-26.5
7.5,7.0,Central Florida,Pittsburgh,10.0,,,,,12.25,11.336,,,20.3,,,,,,7.46,19.5,,6.8,7.89,8.33,9.17,6.38,9.61,,,15.2,,,13.117240166,0,,6.02,17.0,13.459262864,10.34,10.0913,,,6.9,7.7,,17.15,1,-14.94,,9.33,12.57,,,10.118552121,6.6127463797,10.0,0.5525280148,0.7212031,7.5
-4.0,-3.0,Wake Forest,Purdue,-5.5,,,,,-8.56,-6.59,,,-12.6,,,,,,-2.51,-10.5,,-3.5,-0.78,-0.16,0.04,-2.26,-1.31,,,-5.11,,,-3.443857877,0,,-2.99,-10.36,-5.221601654,-3.03,-6.3157,,,-2.4,-1.1,,-9.296,1,2.71,,-0.68,-12.93,,,-4.575886381,4.1706102623,-3.443857877,0.4727486211,0.3905969697,-3.0
-14.5,-13.5,Tulsa,Sam Houston St.,-0.5,,,,,-10.13,-8.965,,,-5.0,,,,,,-5.21,-1.5,,-10.1,-13.12,-11.68,-15.61,-14.37,-10.83,,,-10.71,,,-10.57144539,0,,0.63,-10.22,-7.213750326,-6.5,-6.7445,,,-14.5,-10.4,,-4.704,2,-7.7,-16.293,-2.23,-13.61,,,-8.760834451,4.6762163962,-10.115,0.5811069658,0.2989345354,-12.5
-1.0,3.5,California,Syracuse,6.0,,,,,3.99,-5.394,,,-4.5,,,,,,3.46,-5.5,,2.9,6.75,1.25,2.29,18.27,7.45,,,2.15,,,3.7786073711,0,,9.27,-0.66,-7.795922172,8.43,-5.3726,,,9.3,-0.5,,-2.8,2,8.46,,-0.75,-6.81,,,2.146643408,6.3160664675,2.29,0.4770717878,0.5498243734,3.5
-23.5,-24.0,Penn St.,Temple,-20.0,,,,,-7.17,-17.829,,,-25.4,,,,,,-30.28,-0.5,,-23.5,-21.68,-25.83,-25.31,-15.81,-27.3,,,-21.42,,,-27.99505052,0,,-15.98,-20.02,-18.62048421,-21.61,-28.1954,,,-27.3,-23.0,,-26.3095,-13,-8.23,,-26.6,-30.27,,,-21.44637739,7.4264090139,-23.0,0.5426210495,0.1112812137,-24.0
-2.0,1.5,Ohio St.,Texas,-8.0,,,,,2.64,3.934,,,-12.2,,,,,,-5.64,-4.0,,0.3,3.58,-0.83,-1.33,7.76,-1.43,,,-8.69,,,-0.50914366,0,,-3.56,-4.3,-4.377181022,-0.02,-9.7702,,,4.4,-1.7,,1.3055,-3,-3.2,1.223,-6.44,-1.37,,,-2.008616334,4.7177140026,-1.4,0.4397855879,0.4519056033,1.0
15.5,14.5,Arizona St.,Texas A&M,11.0,,,,,5.44,15.098,,,13.9,,,,,,12.68,15.0,,14.0,13.1,15.5,16.52,9.32,15.21,,,16.39,,,22.780730767,0,,12.36,17.22,11.362438364,10.92,9.5111,,,12.1,13.0,,11.6585,2,2.5,,12.45,10.53,,,12.782030765,3.9326252217,12.68,0.4702420326,0.7819101857,14.5
-1.5,1.5,Texas-San Antonio,Texas St.,-3.5,,,,,4.96,2.529,,,-0.2,,,,,,-5.44,7.0,,-0.8,-2.76,-1.66,-1.65,-5.36,-6.01,,,-7.36,,,1.5526894182,0,,-6.76,-2.07,0.323402,-9.23,7.3086,,,-1.3,1.8,,-2.52,-5,-28.1,,-2.72,-6.13,,,-2.723852343,6.7888509047,-2.07,0.4291744908,0.4375284442,1.0
11.5,9.5,South Alabama,Tulane,11.5,,,,,11.95,18.014,,,35.6,,,,,,16.51,23.0,,7.4,9.56,10.46,7.69,11.24,9.59,,,18.99,,,7.7952684685,0,,1.03,16.25,20.815224009,9.5,18.3136,,,9.1,17.7,,24.15,3,-10.56,,13.98,22.77,,,13.693923699,8.8118900382,11.95,0.5684464293,0.7739590862,9.5
10.0,10.0,Louisiana-Monroe,UAB,11.0,,,,,1.57,3.479,,,10.0,,,,,,11.52,10.0,,6.7,9.11,7.84,4.97,14.99,13.59,,,13.5,,,9.3117649692,0,,9.21,13.69,9.0128533022,11.68,10.9194,,,11.5,3.1,,7.175,3,-1.09,16.221,10.26,3.39,,,8.9480391643,4.3009704385,9.6558824846,0.4818197394,0.7061108028,10.0
10.5,12.0,San Diego St.,UCLA,5.0,,,,,1.36,7.827,,,3.9,,,,,,11.98,-6.5,,9.1,15.45,16.11,17.96,13.34,10.12,,,-0.77,,,8.6901573419,0,,0.46,3.13,0.572645977,7.19,-1.7841,,,11.3,6.1,,7.35,4,-20.04,,12.12,5.09,,,5.8022281328,8.0779424908,7.19,0.3983908816,0.6273086415,11.5
28.5,30.5,Louisiana-Lafayette,USC,19.0,,,,,21.45,24.962,,,36.7,,,,,,31.33,18.5,,25.5,20.92,29.48,31.83,4.79,31.9,,,33.27,,,31.482307954,0,,12.3,27.74,27.510857288,19.71,28.8523,,,30.3,27.0,,33.25,1,1.3,,24.62,30.59,,,24.97149861,8.7298264392,27.510857288,0.4099924763,0.9153100215,30.5
10.5,12.0,Arkansas,Utah,13.5,,,,,8.65,16.194,,,29.5,,,,,,16.44,20.0,,12.3,9.24,10.38,8.5,9.48,16.3,,,22.51,,,12.451052696,0,,12.32,18.69,19.377209689,15.64,12.819,,,17.1,8.7,,17.913,2,2.86,,9.57,13.59,,,14.160970495,5.550544644,13.5,0.5368822053,0.7992949136,12.0
20.0,20.5,Delaware,Vanderbilt,18.5,,,,,14.92,23.725,,,33.4,,,,,,31.6,17.0,,19.5,23.8,25.02,25.55,23.29,28.69,,,33.22,,,30.148645807,0,,8.37,28.33,29.81729801,20.6,33.6579,,,16.4,28.3,,32.8195,3,9.88,,26.86,30.25,,,24.545933753,7.2797096654,25.55,0.5674611616,0.9193815591,21.0
17.5,18.5,Old Dominion,Virginia Tech,-2.0,,,,,14.7,7.222,,,-9.4,,,,,,9.39,-8.5,,13.6,22.6,21.18,18.82,30.49,19.06,,,-3.24,,,15.233611808,0,,4.18,-4.2,-7.231561317,6.83,-1.4449,,,24.0,4.4,,4.095,1,0.55,,5.11,2.37,,,7.5125660196,11.03848806,5.11,0.3315155587,0.6508103741,17.5
26.5,26.5,Utah St.,Washington,22.0,,,,,18.86,31.376,,,30.0,,,,,,27.08,10.0,,24.0,33.55,34.49,37.72,35.15,29.14,,,23.87,,,32.099916197,0,,18.5,23.34,18.384889591,26.83,22.1882,,,29.7,22.0,,28.7,5,-6.65,,19.24,24.81,,,24.655160232,9.1657240333,24.81,0.4699321397,0.91004677,26.5
