lineopen,line,road,home,linehow,linedokter,linebihl,linemidweek,linekeep,linecong,linebillings,lineharville,linebig200,linepve,linepiratings,linepimean,linepibias,linefei,linerwp,linemassey,lineclean,linecraig,linedonchess,linesag,linesagpred,linesaggm,linesagr,linenewbury,lineversus,linedwig,linefpi,linetalis,linecfp,linepig,linefidler,linedial,neutral,linel2,linepfz,linemoore,lineelo,linelaz,linekam,linel2hf,linekerns,lineteamrank,linefluker,linelog,linecons,lineloud,linecurry,linedunk,linewayward,linedoi,lineborn,lineavg,linestd,linemedian,phcover,phwin,lineca
-5.5,-7.0,Eastern Mich.,Akron,-3.5,,,,-12.72,-3.26,0.297,-1.59,,-8.7,-8.2,-6.7,-8.0,-7.3,-9.29,-2.6,0.5,,-4.3,-3.43,-1.28,-3.94,-5.01,,-5.65,-8.0,-4.857834637,-1.06,,,-8.218179677,-13.3,0,,-3.39,4.28,-9.418371722,-3.1,-7.2393,,-5.75,-2.2,-6.0,,-0.07,-10,-7.54,-6.219,-3.28,-7.3,,-5.06312665,3.684876338,-5.01,0.5336010905,0.3784617488,-7.0
1.5,2.0,Georgia,Alabama,7.5,,,,13.27,-2.72,3.669,5.3,,13.1,0.5,0.6,-0.4,-1.1,11.46,1.25,0.5,-1.566652,-0.6,6.47,3.52,5.59,14.65,,11.08,10.0,0.9048889694,3.95,,,0.5508199213,0.7,0,,10.69,5.95,7.795033222,11.73,5.784,,11.8,3.3,-1.1,,1.3475,2,2.52,4.657,4.82,1.34,,4.7055681609,4.8692214958,3.8095,0.5464419323,0.6111696655,2.0
9.0,9.5,Old Dominion,Appalachian St.,9.5,,,,6.89,4.88,3.044,3.75,,7.0,-1.7,0.8,-1.9,3.3,11.88,4.39,-10.5,,5.1,12.33,10.33,10.35,12.36,,11.02,8.0,10.908922734,1.08,,,8.3302979535,9.3,0,,19.86,8.03,11.459320077,9.23,1.1426,,13.7,10.2,5.6,,-13.055,15,13.81,9.946,5.55,5.66,,6.5290848855,6.3990679838,8.0,0.4498207543,0.6480909362,9.5
19.5,20.5,Hawaii,Arizona St.,16.0,,,,21.99,22.12,22.141,19.34,,16.8,24.3,23.7,25.3,19.7,16.6,23.6,11.0,,16.5,21.96,22.92,23.06,21.09,,23.84,14.0,17.575961709,17.16,,,19.941720065,5.7,0,,14.35,25.27,18.741099018,18.13,18.2249,,2.5,21.9,17.3,,23.45,14,21.84,13.775,19.28,15.38,,18.823775157,5.0545199663,19.34,0.4712359244,0.869884321,20.5
-13.5,-13.5,Tennessee,Arkansas,-12.0,,,,-15.05,-12.19,-10.711,-13.23,,-10.4,-14.9,-16.7,-15.4,-15.9,-8.32,-11.78,-8.0,,-11.5,-12.04,-9.47,-10.26,-12.72,,-18.59,-26.0,-16.13918107,-12.11,,,-14.18280632,-10.2,0,,-21.91,-22.5,-11.283743,-17.53,-15.0004,,-18.55,-15.7,-14.2,,-9.5655,-20,-16.02,-12.236,-8.63,-6.22,,-13.70644947,4.2356365536,-12.72,0.4964290279,0.2029398428,-13.5
1.5,1.0,South Alabama,Arkansas St.,2.0,,,,9.51,9.76,-0.513,1.12,,2.4,7.1,6.1,5.7,-1.4,-6.86,-1.0,4.5,,0.9,3.94,4.44,1.45,5.75,,4.88,-1.0,2.243736776,2.8,,,3.3020087867,1.8,0,,-1.08,9.19,-2.817088126,-1.57,-0.4459,,-1.55,3.4,3.1,,5.25,-5,4.26,0.049,-1.38,-1.63,,2.2621285794,3.6935764353,2.243736776,0.5219091384,0.5549879648,1.0
6.5,3.0,Tulane,Army,1.5,,,,2.4,6.62,-5.407,2.74,,-3.1,3.5,2.7,3.8,3.3,7.94,-2.05,-7.0,,2.8,8.94,7.4,4.73,14.41,,12.28,2.0,1.785019326,2.3,,,5.2603610707,3.1,0,,17.56,16.46,8.343049876,10.15,-1.3228,,2.6,8.6,7.0,,-5.25,7,1.06,0.478,3.16,5.12,,4.2136927101,5.5875863782,3.16,0.520727024,0.598513306,3.0
10.5,10.5,Iowa St.,BYU,13.5,,,,12.31,22.11,18.128,8.06,,14.4,19.1,18.9,17.3,7.5,10.78,5.01,9.5,,11.6,12.17,11.32,18.27,7.77,,4.01,7.0,14.029410518,7.66,,,14.393489262,4.7,0,,14.7,3.65,11.100822923,1.74,9.1854,,8.6,14.2,13.0,,14.7,9,14.59,7.717,2.78,-1.09,,10.929570884,5.3999402755,11.32,0.5073528665,0.741996483,10.5
7.0,7.5,Sacramento St.,Bowling Green,11.0,,,,10.14,5.78,2.036,8.61,,5.3,12.2,12.3,12.4,15.8,8.55,10.07,6.0,,9.0,11.82,10.63,11.63,13.19,,9.54,9.0,11.460580564,11.35,,,10.2223114,2.2,0,,-2.03,13.8,19.373387778,10.36,12.9702,,11.3,2.9,15.9,,7.693,-5,12.42,49.058,17.84,4.04,,10.969012966,7.816196906,10.63,0.5575088196,0.7316934502,8.0
-10.5,-9.0,Virginia Tech,California,-5.0,,,,-4.73,-6.62,-4.122,-8.1,,-7.9,-10.8,-9.9,-10.9,-7.3,-7.98,-4.65,2.5,,-7.3,-5.55,-4.0,-6.36,-4.84,,-9.53,-16.0,-8.006192012,-4.06,,,-7.177917765,-3.9,0,,-6.38,-18.79,-9.811357146,-7.6,-2.2682,,-10.8,-9.5,-7.5,,1.4,-19,-7.22,-9.116,-4.16,-4.87,,-6.995720728,3.9303632847,-7.22,0.534706261,0.3349875892,-9.0
13.0,10.0,Rice,East Carolina,13.0,,,,9.5,8.07,15.496,13.46,,12.8,17.0,15.6,17.9,14.6,2.5,18.84,20.0,,10.6,8.53,10.12,11.74,3.88,,3.77,1.0,13.387482915,17.39,,,10.748429692,15.4,0,,5.68,8.58,1.9638446,2.22,17.5737,,2.45,9.8,12.6,,24.1325,7,11.04,15.965,11.46,-4.06,,10.938836681,6.2148998393,11.46,0.5159282999,0.738739121,10.0
14.5,12.5,South Carolina,Florida,17.0,,,,6.36,2.36,10.782,9.52,,13.2,9.7,10.6,9.6,3.1,8.91,8.01,3.5,,13.2,12.26,9.2,13.63,10.49,,9.82,11.0,8.4633303772,9.17,,,10.532453954,4.3,0,,13.78,8.41,10.974122935,14.73,6.1484,,5.5,10.8,12.7,,2.8,15,16.05,3.614,5.61,2.42,,9.1417380342,3.9279288984,9.6,0.441979533,0.7112151281,11.5
3.0,6.5,New Mexico St.,Florida Intl.,6.5,8.19,,,-0.65,2.5,4.986,3.84,,,4.4,4.3,4.8,3.3,11.27,2.9,12.0,,4.1,2.1,2.32,6.68,-2.25,,-1.89,,4.6275991123,2.44,,,4.3229358304,8.6,0,,8.9,2.35,12.722751189,2.35,3.9803,,10.35,3.0,5.7,,7.0385,3,5.49,5.673,1.73,7.01,,4.8800301703,3.5048086975,4.3614679152,0.4718520853,0.6175507392,6.5
-8.5,-6.5,Boise St.,Fresno St.,-1.0,,,,-4.58,-1.19,-3.699,-4.02,,-2.0,-6.2,-7.3,-7.5,-10.3,-3.38,-5.34,4.0,,-4.1,-4.19,-4.24,-4.75,-4.84,,-10.02,-9.0,-8.342114098,-5.68,,,-9.011088988,1.9,0,,-9.55,-8.13,-6.748243122,-8.28,-7.4257,,-4.3,-4.9,-8.0,,-6.272,-2,-2.77,-7.427,-7.44,-5.41,,-5.444193141,3.1482771779,-5.41,0.5183954972,0.3687661493,-6.5
-9.0,-7.5,James Madison,Georgia Southern,-16.5,,,,-12.51,-6.03,-18.018,-17.98,,-14.9,-9.5,-8.2,-9.9,-14.3,-9.54,-15.66,-15.5,,-8.6,-8.78,-7.64,-11.11,-7.38,,-14.12,-21.0,-11.291098,-18.37,,,-10.82312181,-16.8,0,,-7.72,-12.15,-9.833946178,-12.3,-15.4809,,-12.05,-14.5,-11.1,,-17.5,-24,-14.92,-17.75,-11.84,-16.21,,-12.91370449,3.7774884896,-12.3,0.406894368,0.21522149,-8.5
-6.5,-7.0,Duke,Georgia Tech,-10.5,,,,-4.51,-4.98,-7.486,-8.52,,-15.4,-2.2,-2.7,-2.6,-5.5,-10.24,-2.32,0.01,,-4.7,-4.93,0.95,-5.46,-5.85,,-7.25,-20.0,-8.323905903,-2.32,,,-4.747647721,-3.9,0,,-16.04,-15.15,-15.0620516,-8.4,-8.3434,,-15.05,-7.5,-5.0,,4.2,-21,-16.91,-11.13,-5.27,-17.29,,-7.579270411,5.6449923911,-5.85,0.4901098263,0.326976746,-7.0
2.5,2.5,Houston,Kansas St.,1.0,,,,-6.4,,-4.101,2.38,,-5.4,3.9,3.6,3.6,8.5,-6.94,7.43,-0.5,,2.9,-1.82,1.06,-0.89,-5.78,,-6.51,1.0,0.2934513158,3.2,,,1.8369769779,9.3,0,,-0.51,2.74,-4.304194412,-1.74,4.8804,,-3.05,-2.3,2.6,,4.9,-2,-1.35,2.608,4.02,-14.86,,0.1470453856,4.9122187374,1.0,0.4596042308,0.503517483,2.5
-3.5,-3.0,Jacksonville St.,Kennesaw St.,-4.5,0.8,,,5.04,1.63,0.721,-0.01,,-5.4,1.1,-0.1,0.1,-1.2,-7.94,-3.42,4.5,,-2.1,3.3,3.94,-1.18,6.63,,6.88,3.0,0.9414647081,4.16,,,-2.305972107,-3.1,0,,3.42,-4.92,-6.245328605,3.08,3.8889,,-7.2,1.8,0.9,,5.0365,-5,-3.4,1.44,-1.57,-2.71,,0.1317516841,3.8395924114,0.7605,0.5541669391,0.5032062207,-2.5
-10.0,-8.5,LSU,Kentucky,-2.5,,,,-5.61,-9.22,-1.316,-4.85,,0.2,-13.0,-14.5,-14.1,-5.9,1.77,-5.85,-3.5,,-8.5,-3.22,-4.09,-2.56,-2.05,,-9.0,-17.0,-9.559486908,-5.57,,,-10.07322025,-10.4,0,,-17.92,-9.26,-0.610119293,-6.47,-7.9279,,-16.75,-13.4,-11.0,,-5.3585,-9,-5.13,-3.806,-6.0,-1.09,,-7.165438553,5.0627091375,-5.9,0.5229066373,0.3341438277,-8.5
13.0,13.5,Sam Houston St.,Liberty,19.0,,,,14.16,11.19,15.996,11.87,,21.1,18.7,18.8,20.6,17.0,15.62,11.95,13.5,,15.0,14.6,13.59,20.2,11.8,,9.6,14.0,13.182378186,14.53,,,18.163335726,27.7,0,,8.53,27.06,15.074731808,11.02,16.9078,,27.15,14.1,25.4,,15.904,9,20.18,22.237,15.59,5.39,,16.389060695,5.1741142906,15.59,0.5494360537,0.835984406,13.5
2.5,3.0,Louisiana-Lafayette,Louisiana Tech,-3.0,,,,2.75,3.25,-2.176,5.01,,0.9,2.7,1.5,2.3,4.7,-0.05,2.57,7.5,,1.2,6.13,6.39,1.92,11.17,,8.64,10.0,0.9831457705,6.65,,,1.5862469838,0.7,0,,2.74,4.57,5.767878419,1.85,4.9354,,-8.1,9.2,5.7,,4.2,-3,3.55,1.577,1.03,3.77,,3.3544235452,3.6989173861,2.75,0.5061550171,0.5812239805,3.0
6.5,3.5,Florida St.,Louisville,4.0,,,,-0.18,8.85,0.103,3.18,,-3.7,2.7,4.5,3.2,0.5,-1.93,4.89,9.0,,3.5,2.32,5.27,3.49,-1.58,,-4.27,-2.0,1.0852345872,1.62,,,5.0850987116,3.9,0,,5.65,7.65,2.281711102,-0.06,6.3853,,-0.35,3.7,1.4,,8.8725,-2,2.43,-1.725,0.77,3.5,,2.5415633622,3.3568374457,2.7,0.4833215271,0.5620024084,3.5
2.5,3.0,Coastal Carolina,Marshall,12.5,,,,-3.06,3.83,9.156,4.93,,12.6,2.8,4.2,4.2,4.9,9.39,6.48,2.0,,3.3,3.71,2.93,11.96,-0.63,,-5.6,-6.0,0.64588019,6.33,,,3.877814888,7.5,0,,-4.13,-6.53,6.897265288,-4.27,2.9011,,-3.95,-0.5,5.8,,10.374,2,8.24,3.976,6.47,-1.09,,3.4091367666,5.2494662372,3.877814888,0.5070134896,0.5804992415,3.0
-3.5,-2.0,Miami (Ohio),Massachusetts,1.0,,,,-3.71,-4.59,4.011,-6.41,,6.0,-10.7,-9.9,-12.2,-9.6,7.89,-14.44,-7.0,,-3.4,-0.67,-4.68,-1.46,2.9,,1.15,-6.0,-0.426539696,-11.83,,,-18.87556934,-2.0,0,,13.08,-6.24,0.446130732,3.06,-12.3767,,17.05,-0.2,-5.7,,-13.4575,9,-4.01,-15.477,-6.44,5.66,,-3.501248062,7.8830464008,-4.01,0.475064704,0.4219465495,-2.0
15.0,14.0,UAB,Memphis,18.0,,,,23.92,16.34,14.33,17.05,,14.5,18.2,18.8,19.3,18.4,13.39,20.03,15.0,,13.4,19.16,19.44,18.99,20.48,,21.29,18.0,20.580756314,21.69,,,20.962050245,12.5,0,,16.09,15.31,16.160837391,13.37,22.3705,,20.05,19.9,15.2,,25.081,11,15.11,18.482,18.44,15.38,,17.964787674,3.0702643868,18.4,0.5687911702,0.8658225735,14.5
-3.0,-2.5,Illinois,Michigan St.,1.5,,,,-3.56,,-1.385,-0.13,,6.3,-4.3,-3.4,-4.6,-3.4,8.14,-3.76,-7.0,,-3.4,2.06,-0.46,1.95,4.0,,2.23,1.0,-1.223308645,-3.33,,,-3.059036976,-0.5,0,,0.24,1.78,4.672784916,1.7,-5.8829,,6.45,-0.2,0.3,,-12.6,-3,-0.21,3.474,0.27,9.71,,-0.18398502,4.4110339118,-0.165,0.5399368964,0.4955614729,-2.5
3.0,3.5,Texas A&M,Missouri,8.0,,,,9.41,-3.27,5.813,0.71,,6.4,-0.5,0.3,-0.7,2.2,7.85,-1.84,0.5,,1.9,4.79,1.26,6.12,7.52,,2.26,-5.0,0.546312195,-1.16,,,2.4145135643,2.3,0,,3.95,5.27,11.962447065,-6.26,2.7643,,0.95,1.5,3.6,,-0.987,10,2.9,12.806,4.24,3.23,,2.8040425088,4.1989723894,2.3,0.4879601372,0.5675481645,3.5
-2.5,-4.0,Wake Forest,NC St.,-0.5,,,,-13.49,-0.97,-2.24,0.54,,-5.6,0.9,-0.2,-0.3,-5.0,-6.28,1.54,-4.0,,-2.8,-1.69,1.59,-1.5,-4.22,,-3.79,-5.0,-6.176357481,0.61,,,-2.425630291,-3.2,0,,4.23,0.42,-5.745706884,-1.33,-4.0379,,-17.95,-1.5,-2.5,,2.45,-4,-2.29,-7.126,-2.32,-13.78,,-3.126529585,4.4918256183,-2.32,0.5150734445,0.4251170439,-4.0
3.0,2.5,Tulsa,Navy,6.0,,,,0.23,8.37,-3.014,3.63,,-3.9,10.6,10.8,10.7,4.3,-11.18,6.97,17.0,,2.8,-2.34,1.7,-2.11,-7.44,,-13.78,-12.0,-0.560543783,3.18,,,3.5994798122,14.1,0,,-3.82,5.36,-4.15392569,-10.53,1.6375,,-0.15,0.8,8.5,,23.8,-7,2.45,4.328,5.64,-17.02,,1.7431489281,8.5756692746,2.45,0.4875453813,0.5383654171,2.5
-9.5,-7.0,Indiana,Nebraska,-7.0,,,,-9.06,,-4.179,-7.68,,-3.8,-12.9,-13.6,-13.4,-8.8,1.46,-12.65,-12.0,,-8.7,-1.73,-5.05,-6.25,0.76,,-2.39,-2.0,-6.915090563,-13.9,,,-6.02553728,-11.9,0,,2.96,0.52,-4.063794655,2.05,-11.8132,,3.55,-8.9,-9.6,,-8.2145,-1,-6.61,-13.766,-4.83,-2.17,,-6.349920069,5.1806994827,-6.762545281,0.511150286,0.3523763829,-7.0
24.5,28.5,Charlotte,North Texas,32.5,,,,36.99,20.92,25.835,27.79,,25.5,29.3,29.0,30.0,23.4,19.49,27.93,28.5,,23.5,30.43,28.88,29.0,33.52,,36.74,34.0,28.283203429,37.1,,,22.948281644,29.2,0,,38.59,30.05,29.820413558,23.98,31.1215,,35.9,29.3,28.2,,27.601,21,29.62,25.27,24.14,23.21,,28.85295672,4.6374389938,29.0,0.5060846076,0.9589210835,28.5
-13.5,-7.5,Air Force,Northern Ill.,-9.0,,,,-2.82,-10.53,-10.728,-6.84,,-11.5,-12.2,-10.9,-12.4,-9.7,-12.73,-8.48,4.0,,-8.5,-4.67,-5.33,-10.11,3.12,,-3.84,-10.0,-8.314917868,-9.22,,,-14.3302546,-6.6,0,,-31.1,-16.25,-14.7068265,,-13.4129,,-11.6,-13.1,-13.0,,-6.9545,-22,-10.6,-1.567,-6.0,-10.0,,-9.442066638,5.8650778223,-10.0,0.46695329,0.2891074881,-7.5
34.5,36.5,Ball St.,Northwestern,22.5,,,,43.21,32.1,29.218,34.87,,29.0,45.5,43.6,47.1,35.3,18.8,38.23,18.5,,28.0,39.4,39.09,40.43,37.01,,46.89,46.0,40.823289023,38.11,,,47.323561963,31.5,0,,42.16,39.85,47.56934381,34.39,46.7948,,52.8,39.3,39.8,,32.1755,27,37.74,47.928,36.51,33.2,,37.911418778,8.1157988917,39.09,0.523369717,0.982986685,36.5
36.5,38.0,Stanford,Notre Dame,35.0,,,,51.9,28.83,19.63,35.78,,34.0,41.7,43.0,44.5,42.6,18.92,37.47,33.5,,31.0,39.2,36.61,37.4,43.0,,50.84,48.0,44.574997191,39.18,,,36.407964454,40.0,0,,53.1,34.46,33.209604465,38.33,41.1973,,49.15,43.8,39.7,,30.807,32,32.97,38.002,38.02,29.15,,38.241590976,7.6612188716,38.02,0.5040273741,0.9847139804,38.0
3.5,3.0,Central Mich.,Ohio,10.5,,,,5.08,3.34,2.794,6.29,,2.0,3.9,3.8,4.2,8.4,3.79,8.24,7.0,,2.6,4.07,3.3,2.72,5.54,,3.12,1.0,4.3456067426,5.84,,,8.1076964183,5.9,0,,13.14,-1.99,6.843487816,4.77,10.8101,,4.35,3.3,4.4,,11.508,2,3.85,0.867,5.79,1.07,,4.9888078642,3.1548840934,4.3456067426,0.5346186767,0.6206038364,3.0
35.5,34.5,Maryland,Ohio St.,30.5,,,,42.43,29.39,19.701,30.05,,28.6,32.8,32.3,34.3,34.1,17.52,35.19,27.5,,30.0,31.36,28.92,31.17,32.76,,36.3,31.0,35.320912264,36.18,,,36.601616215,36.1,0,,28.77,30.74,28.089946229,26.18,34.5351,,44.0,32.1,33.7,,25.9875,17,39.56,43.845,33.76,21.32,,31.96435337,5.7767939724,32.1,0.456847276,0.9703239864,34.5
-10.5,-8.5,Texas,Oklahoma,-14.0,,,,-9.18,-7.29,-10.482,-9.74,,17.3,-3.0,-4.7,-4.7,-8.6,-16.91,-8.5,-1.0,,-7.2,-13.29,-6.84,-13.3,-15.83,,-21.51,-20.0,-14.86357264,-6.2,,,-11.19104347,-8.6,1,,-15.49,-23.43,-16.32383978,-19.73,-9.5342,,-10.9,-13.0,-5.0,,-1.6415,-14,-14.89,-14.033,-10.08,-8.38,,-10.32592313,7.1572886704,-10.08,0.4693906286,0.2772464929,-8.5
10.0,8.5,Central Florida,Oklahoma St.,0.5,,,,0.66,2.86,0.481,-3.05,,2.7,0.7,2.1,-0.9,0.4,2.81,0.44,-1.5,,7.6,6.66,5.47,7.4,5.75,,-1.66,5.0,4.3747375104,-4.27,,,1.7178253759,-2.8,0,,6.18,-9.69,7.432398112,-1.28,-1.3837,,10.15,3.9,3.2,,-1.4,1,5.44,6.418,2.08,-5.41,,1.867034081,4.1978622307,2.08,0.3867967115,0.5450974192,7.5
12.5,11.5,UCLA,Oregon,16.5,,,,6.8,16.84,8.169,13.42,,6.2,13.5,13.9,13.8,14.0,-3.26,16.39,18.0,,12.5,9.48,14.34,12.31,4.61,,3.96,-2.0,14.64036009,16.37,,,16.860076382,10.8,0,,8.24,3.71,-1.477296983,0.35,10.6469,,-16.35,11.6,14.1,,23.506,-7,13.72,3.359,9.15,-10.0,,9.1536226889,8.1879904856,11.6,0.4612279909,0.6952793166,11.5
14.5,14.5,San Diego St.,Oregon St.,7.5,,,,15.81,1.81,-5.846,6.36,,5.5,-0.7,1.6,0.5,8.3,11.87,10.3,-2.5,,8.9,12.86,10.46,9.59,15.9,,17.15,12.0,11.257230034,5.29,,,13.421149489,3.6,0,,21.39,14.41,16.104164672,12.3,6.9107,,28.25,8.7,6.7,,-9.1,11,12.2,2.327,10.97,1.61,,8.4784930864,7.3917297167,8.9,0.4003214668,0.6853128284,13.5
-1.5,1.5,USC,Penn St.,0.01,,,,10.27,-5.4,-2.476,2.01,,-5.1,-2.6,-1.9,-0.6,0.8,2.17,4.96,-1.5,,-0.7,4.87,2.42,-0.87,8.32,,4.95,8.0,4.177485772,1.47,,,-0.403714915,5.0,0,,6.96,5.12,10.568959999,4.62,9.4906,,5.15,1.2,0.9,,2.5095,-1,2.43,4.855,7.6,9.17,,2.9308602934,4.1945941135,2.43,0.5247421998,0.5705765016,1.5
3.5,4.0,North Carolina,Pittsburgh,17.0,,,,5.87,12.5,14.594,14.52,,19.6,17.5,16.0,15.7,12.6,9.79,10.83,14.0,,3.9,10.2,10.05,14.41,5.91,,8.55,15.0,9.1491912844,13.33,,,10.331808789,13.8,0,,18.57,16.89,7.539273294,9.23,11.3507,,13.9,13.3,8.2,,16.45,17,10.02,3.642,6.92,2.69,,11.725323605,4.3290645704,12.5,0.6310751682,0.7611435897,5.5
-4.5,-2.5,Minnesota,Purdue,-8.5,,,,2.31,-9.77,-9.427,-4.63,,-5.0,-5.4,-8.3,-8.0,-3.3,-2.54,-4.92,-6.5,,-2.8,-0.8,-1.28,-2.47,3.04,,-0.16,-3.0,-1.128228939,-2.91,,,-9.497733309,-5.4,0,,-15.36,-5.68,4.089692079,0.57,-3.9369,,-6.45,-5.2,-5.4,,-11.046,-11,-10.31,-6.385,-4.47,-1.63,,-4.637599194,4.1240352374,-4.92,0.46304583,0.3890829033,-2.5
6.0,6.0,Wyoming,San Jose St.,10.5,,,,6.41,4.58,5.785,6.72,,10.2,3.1,4.3,2.9,7.9,10.52,6.24,5.0,,3.3,9.19,8.38,8.78,8.76,,9.77,8.0,9.1102439553,5.28,,,7.1377700683,8.4,0,,11.3,9.38,5.9441079276,8.48,8.0676,,10.0,7.9,5.2,,1.75,6,11.59,14.833,8.04,6.74,,7.5537222149,2.7562942876,8.0,0.5271194537,0.6797606851,6.0
3.5,3.5,Connecticut,Temple,4.5,,,,6.44,4.68,6.403,-0.47,,8.4,8.5,6.5,6.6,3.5,9.13,0.88,1.0,,3.6,5.75,4.29,6.86,7.67,,5.15,2.0,4.8886750075,3.15,,,5.2389486174,-0.7,0,,-0.41,3.93,9.721726995,6.44,5.9001,,8.9,2.7,7.5,,0.294,-2,7.89,7.655,4.78,13.22,,5.2022013681,3.1615277863,5.2389486174,0.5296385685,0.625582632,3.5
6.5,7.0,South Florida,Texas-San Antonio,4.0,,,,10.81,4.27,9.038,0.15,,4.8,3.1,5.0,3.3,2.5,7.82,2.66,-6.5,,4.0,9.05,8.22,8.5,10.9,,10.49,11.0,3.9529475189,-1.45,,,9.0643706251,-1.7,0,,-0.36,6.81,7.385931969,9.05,4.4281,,11.4,6.8,4.9,,-0.7805,-1,6.31,5.321,7.0,9.71,,5.4310770301,4.189416625,5.321,0.4728728578,0.6291411139,7.0
18.0,20.5,Buffalo,Toledo,20.5,,,,36.2,18.37,19.158,19.83,,16.1,21.1,20.0,21.8,19.0,16.93,23.65,20.5,,16.5,23.13,22.09,19.95,26.33,,31.52,32.0,20.098755394,28.62,,,18.875639167,16.4,0,,23.62,21.74,20.399702581,25.21,22.4141,,30.4,22.7,19.8,,19.25,21,20.08,20.728,16.53,19.16,,21.910383707,4.6697682858,20.5,0.5242926342,0.9064676046,20.5
10.5,10.5,Southern Miss.,Troy St.,11.0,11.38,,,13.53,11.14,12.11,5.58,,,11.5,11.4,11.7,12.3,7.53,8.79,2.5,,8.2,10.91,11.42,12.95,10.16,,9.32,2.0,6.3047096439,4.47,,,15.055654811,10.6,0,,7.29,0.54,13.475314096,2.54,7.6833,,16.5,10.8,14.9,,12.39,6,7.78,7.015,16.65,17.27,,9.9103777987,4.1481262812,10.91,0.4897951964,0.7263406516,10.5
-2.5,-3.0,North Dakota St.,UNLV,6.5,,,,-3.0,1.33,-1.101,-2.55,,-8.1,-0.9,2.0,-3.3,4.1,-6.98,0.1,3.0,,0.1,-0.32,0.88,-2.2,0.35,,-5.21,-7.0,0.9474900722,-3.3,,,-3.679655502,-2.8,0,,-8.0,-9.03,-6.484390468,-5.3,-1.3172,,-5.4,-3.4,-3.9,,0.7,-17,-1.55,27.613,1.27,-3.25,,-1.329236646,6.0490121218,-2.2,0.5283820514,0.4689235284,-3.0
-12.5,-9.5,Nevada,UTEP,3.0,,,,-6.7,-5.15,3.793,-7.27,,-0.2,-12.9,-11.5,-12.2,-11.9,13.45,-8.19,-1.5,,-6.8,-2.89,-4.2,-0.33,-2.4,,-10.72,-15.0,-12.97939465,-5.22,,,-10.55023012,-16.7,0,,-18.26,-7.36,-6.93442116,-7.61,-15.7958,,-27.55,-4.9,-11.3,,-0.231,-12,-3.68,-12.442,-7.29,-4.33,,-7.371347187,7.2161046997,-7.27,0.5356451065,0.3367526135,-9.5
14.5,15.5,Kansas,Utah,18.5,,,,27.15,12.13,13.836,16.54,,19.8,17.4,17.7,18.3,22.4,17.84,21.45,18.5,,16.0,16.61,12.19,19.61,17.68,,22.06,28.0,17.706655248,23.06,,,17.758066254,16.4,0,,15.26,21.93,30.523252763,23.09,23.8925,,16.7,14.9,18.4,,18.0775,14,21.83,24.452,18.12,17.54,,19.279350656,4.1104081834,18.12,0.5651446606,0.8792735732,16.0
3.0,5.5,Washington St.,Utah St.,1.0,,,,12.51,5.86,-3.233,-0.96,,3.3,1.3,1.9,1.6,0.9,5.82,-2.75,8.0,,3.1,5.32,2.75,2.24,12.02,,5.96,3.0,4.7310800004,0.76,,,4.5069592527,-1.8,0,,1.75,3.91,11.238847499,5.05,8.2442,,10.55,1.2,3.8,,-4.662,-1,4.9,8.714,5.29,13.76,,4.0967591014,4.4018403835,3.8,0.4757753042,0.5978463227,5.5
-10.5,-10.0,Mississippi,Vanderbilt,-5.5,,,,-8.98,-5.3,-5.299,-2.71,,-5.6,-5.7,-6.5,-5.2,-5.6,-3.1,-8.67,2.0,,-6.7,-0.45,-2.62,-5.27,1.96,,-2.29,-11.0,-7.858607219,0.05,,,-5.381718274,-0.3,0,,-3.95,-5.01,-3.061545059,-1.94,-7.2215,,-9.4,-7.9,-3.4,,-2.5025,-5,-5.69,-0.76,-5.73,-15.4,,-4.810401907,3.5342021965,-5.299,0.5894660918,0.3841218238,-9.0
8.5,9.5,Syracuse,Virginia,10.5,,,,13.16,7.99,16.344,8.55,,9.4,10.4,10.6,10.7,13.6,11.01,11.37,21.5,,8.0,10.08,10.0,11.53,8.99,,11.74,8.0,9.6367719411,15.23,,,7.5995397014,16.0,0,,8.2,18.82,11.287223281,13.07,14.5394,,12.95,9.5,13.3,,24.85,1,12.09,13.552,12.19,7.82,,12.002673917,3.8041142792,11.287223281,0.5433457424,0.7680793195,9.5
2.5,3.0,Iowa,Washington,-3.0,,,,-7.59,5.73,-5.68,-5.8,,-6.1,-0.6,-1.2,-0.5,-1.0,-4.69,-2.36,4.0,,2.6,-3.41,-0.29,-0.02,-6.53,,-12.08,-14.0,-3.60165927,-2.97,,,-0.286116118,-0.5,0,,-10.17,-4.89,-6.616939515,-9.44,-5.051,,-2.7,-2.6,5.1,,3.85,-8,-6.33,-6.9,-1.06,-10.0,,-3.423938241,4.6248295394,-3.0,0.3906481457,0.4182683891,2.0
-2.5,-3.0,Arizona,West Va.,-4.5,,,,-3.82,-10.09,-8.067,-5.64,,-6.4,-10.2,-10.7,-11.7,-8.7,-4.23,-6.24,-12.5,,-3.3,0.15,-0.03,-2.55,3.36,,0.05,-4.0,-3.614248806,-11.85,,,-11.79563802,-11.4,0,,-5.36,-5.23,-3.978471955,1.52,-11.5313,,-9.0,-1.6,-9.0,,-12.8555,-7,-8.18,-13.55,-1.57,0.8,,-6.143301589,4.6554252866,-5.64,0.4459851951,0.3556902904,-3.0
-1.5,2.5,Missouri St.,Western Kentucky,8.5,,,,0.64,2.11,2.161,2.03,,4.8,1.7,2.4,0.8,-0.7,-11.53,4.72,2.5,,2.9,2.27,4.14,4.33,0.73,,-3.31,-6.0,-1.640756238,2.57,,,0.1560026103,-1.4,0,,-0.14,-2.85,-5.96498445,-3.05,0.0622,,-4.95,2.3,5.6,,12.229,-6,5.52,-1.443,5.92,-1.36,,0.9932287006,4.3623770816,1.7,0.4739820408,0.5239658264,2.5
13.0,13.5,Kent,Western Mich.,15.5,,,,13.72,10.98,18.976,18.86,,14.2,19.0,17.8,19.2,15.8,6.17,20.11,15.5,,12.1,16.16,18.05,19.54,11.26,,15.91,18.0,19.327381246,18.8,,,18.611990333,20.6,0,,17.63,18.33,14.051269274,12.26,19.7205,,20.2,19.2,19.1,,20.3,13,13.72,18.157,15.89,13.22,,16.647409212,3.2928028617,18.0,0.5546366784,0.8468333474,14.0
